TransactionNumber,IsFraud
11854,0
2647,0
5945,0
6798,1
12985,0
10085,1
7794,0
16065,0
11557,0
5971,0
15474,0
17959,0
9249,1
17559,1
6621,0
9861,0
6258,0
16000,1
1027,0
13349,0
4061,0
2981,0
11098,0
17511,0
14732,0
10782,1
16815,1
251,1
9531,1
8932,0
5277,0
10705,0
14556,0
9362,0
16070,0
2518,1
2712,0
11491,1
16753,0
9891,0
5751,1
8630,1
4554,0
16601,0
13938,0
2605,0
1144,0
14236,0
11096,0
11040,0
7089,0
1453,1
15960,1
2266,0
16785,0
1640,0
6506,0
11860,0
15748,0
3562,1
13064,1
16965,0
651,1
15236,1
9913,1
11464,0
4973,0
8246,0
8166,0
17054,0
9619,0
13811,1
3860,0
8917,1
4069,1
2805,0
16607,0
2021,1
8425,0
1182,1
852,1
7070,1
14183,0
9737,0
10792,1
4935,0
12730,0
15623,1
2954,0
10009,1
11790,0
6562,1
13236,0
7019,0
11105,0
4972,0
9581,0
2086,0
7745,0
8217,1
6455,0
13354,1
18016,0
12619,0
6062,1
12033,1
12898,0
9834,1
12714,1
6459,1
10958,0
17919,0
5706,0
13871,0
2301,1
4391,0
2202,0
2078,0
8099,1
6863,0
7791,0
970,1
5380,1
736,0
15937,0
9638,1
12467,0
15915,0
11305,0
14228,0
11229,1
7911,1
12805,0
217,0
12973,1
7955,0
5763,0
5022,0
9509,0
12153,1
16098,1
1450,0
621,1
17799,1
3011,1
10790,1
8570,0
12932,1
4779,0
12989,0
6557,1
2856,0
7405,0
14469,0
5094,1
4564,0
4634,0
9541,0
7103,1
15494,0
6669,0
8495,1
5954,0
4058,0
17949,1
15840,0
10577,1
11090,1
1290,1
5116,0
9625,0
9787,0
14576,1
5524,0
3934,1
7725,1
10204,1
16259,0
2812,0
563,0
13996,0
10200,1
14657,0
6228,0
8209,1
4049,1
12709,0
13257,1
11436,0
5535,0
4007,0
14106,1
4401,1
10583,1
12706,1
7615,0
15228,1
10471,1
9403,0
11508,0
6307,0
6850,1
17935,0
7826,1
15118,1
16195,1
12644,1
12577,0
17483,1
326,0
5857,0
15559,0
10929,0
11041,1
17136,1
8710,0
10969,0
3058,0
11567,1
9251,1
16605,0
15165,0
6179,0
11476,1
2300,0
6679,0
928,0
247,0
13903,0
290,0
322,1
16796,0
3938,1
16957,0
10203,1
13713,0
16107,0
1705,0
7639,1
6508,0
7466,0
6472,1
10454,1
14554,0
10174,1
11937,0
11323,1
8739,1
3941,0
4909,1
8816,0
1114,1
4454,0
12960,0
14603,0
16222,0
3649,0
11118,0
14158,0
17647,1
4721,0
18212,1
3208,1
17050,0
7172,0
15723,0
14590,1
13201,0
4518,0
5503,1
2930,1
2480,0
460,0
11121,0
16404,1
2051,0
12948,0
13055,1
7976,0
16358,1
5766,1
13438,1
1147,1
351,0
2830,1
13914,1
14952,1
17367,1
7176,1
4860,0
6887,0
13719,1
15867,0
8349,1
16835,1
4304,0
14444,0
17270,0
6339,1
13423,1
17051,0
17692,0
2543,0
2157,1
2425,0
15715,1
5458,0
7077,1
12934,1
3668,1
6935,1
12699,1
8983,1
3547,0
12668,1
11511,0
16814,0
5151,1
11018,0
2420,0
4525,0
7157,1
6086,0
16962,0
8287,1
13676,1
15291,0
12344,0
424,0
4128,1
15873,1
103,0
8807,1
795,0
10960,1
15652,1
5762,0
13135,1
13270,1
6350,0
12487,0
12710,0
4852,1
15062,1
6119,0
8600,0
12339,1
11875,0
10911,0
14123,1
16968,1
11291,0
6225,0
7555,0
3194,1
3589,0
6956,0
14577,1
6444,0
11449,1
5804,1
17390,1
17448,0
12332,0
2928,0
1697,0
15589,1
10084,0
2085,0
14505,0
16211,0
4894,0
10912,1
7599,1
10322,0
5170,0
13589,1
14358,0
7713,1
17943,1
11071,1
3902,1
5981,1
15430,0
14792,1
12531,0
4881,0
4948,0
11746,0
13005,1
7946,0
11953,0
13313,1
8581,0
3323,1
11652,1
59,0
15239,0
8280,1
856,0
10439,0
18205,1
2177,0
6205,0
6717,1
1261,0
16124,0
12886,0
2140,1
7501,1
13019,0
8753,0
6987,0
3379,0
5960,0
10354,0
2439,1
9922,1
4751,0
6916,1
13955,0
14854,1
12513,1
4026,0
2958,0
11232,0
6145,1
11272,0
13297,0
16861,1
14305,0
2267,0
16654,1
16841,1
2319,0
3472,0
14263,1
13945,0
1730,0
12002,1
16894,0
9636,0
4469,0
9178,1
10463,1
11822,0
8873,1
12282,1
313,0
15169,0
15153,1
200,1
13359,0
10299,1
3352,0
9681,0
4602,0
3848,0
17491,0
15865,0
2184,1
3334,0
9893,1
11423,0
15855,1
3865,0
286,1
3652,1
16409,1
6098,0
8303,0
17392,1
4770,1
17014,0
1456,1
14103,0
11342,1
635,1
7417,0
6490,1
11299,0
7516,0
12484,0
8104,1
8142,0
14637,0
9684,1
15572,0
1034,1
2814,1
6345,0
6670,0
4073,1
9888,0
3707,0
4113,0
4843,0
2145,0
13837,0
6165,0
15644,0
1944,0
2119,1
4459,1
17401,1
17289,1
5358,1
12827,1
7936,1
14261,1
1321,1
10049,0
5023,1
12461,0
6699,0
820,1
11354,0
4373,1
10995,1
18076,0
11968,0
15068,1
13196,1
10708,0
10054,0
18230,1
12352,0
5359,1
4388,0
15465,0
6341,0
18125,0
3509,0
2609,0
11701,0
17039,0
12268,0
10062,1
6215,0
13536,1
3047,0
17956,1
10194,0
9809,0
18271,1
4572,1
15022,0
13658,1
7514,1
12212,1
7949,0
7884,0
101,0
7283,0
6551,0
9966,0
3616,0
14776,1
5821,0
7300,1
14643,1
12708,0
12902,0
2676,0
2813,0
3721,0
1084,0
2677,1
7308,0
5838,1
6087,0
11732,0
11912,0
15211,1
17789,0
8650,1
1493,0
14917,0
12630,1
14670,0
16680,1
8064,0
9457,0
476,1
2684,0
6650,0
9442,0
10947,0
9710,0
11793,0
5468,0
2929,1
11909,0
7508,1
8251,1
10356,0
705,0
5871,1
123,0
14213,0
11317,1
17942,1
11629,0
14629,0
3210,0
8757,0
1957,0
963,0
7484,0
4679,1
7704,0
12569,1
15453,0
4413,1
11899,1
11225,1
2662,1
9263,1
13858,0
10632,0
8550,1
6954,0
15290,0
10086,0
16362,0
15289,1
16488,1
9887,0
1632,0
4754,0
8839,1
3024,1
17582,0
4980,0
18013,0
6147,0
708,1
15790,1
18181,0
7428,0
8833,0
10370,0
11216,1
6909,0
17400,0
6740,1
12319,0
3594,0
14312,0
11334,0
13430,0
361,0
5943,0
12082,0
15573,1
15841,0
7879,0
2323,0
17731,0
16284,0
14120,1
11264,0
8029,1
14911,0
5805,1
5225,0
6053,1
14091,0
3189,1
6045,1
1162,0
6015,0
5815,1
10511,0
14640,1
15058,1
12322,0
9395,0
1086,0
13213,0
3105,0
12780,0
3486,0
379,0
3993,0
12441,0
10779,1
9926,0
4367,0
16714,1
1419,0
2740,1
2325,0
11165,1
3511,1
10363,0
16546,0
7191,0
4280,1
10425,0
10898,0
9905,1
327,0
4417,1
8925,1
11136,1
17547,1
2726,1
12797,1
1396,0
127,0
3295,1
5760,0
9666,1
828,0
1350,0
15798,1
8372,0
7932,0
9245,1
11947,0
11089,0
14814,0
14533,1
450,0
6126,1
15355,0
1862,1
88,0
12840,1
14166,1
13756,0
13856,0
11250,1
8732,0
15858,1
12190,0
3070,0
14946,0
4847,1
13254,1
1427,1
7200,0
14990,0
1323,0
13328,0
1510,1
16287,0
15031,0
10662,0
12230,0
1163,0
10920,0
11711,0
10845,0
10124,1
11522,0
733,0
12324,1
13476,0
14830,1
6866,0
9605,0
9682,0
2698,0
14635,0
10138,0
3429,0
15824,0
10907,0
3422,1
11346,0
2112,1
16194,1
4546,0
3000,0
7518,0
7030,1
11742,0
5702,0
5970,0
16293,1
5937,1
2129,1
18174,1
14819,0
12022,0
11275,1
11911,1
1328,1
5001,0
16333,0
13894,0
13850,0
13824,0
13451,0
10992,1
7449,0
14419,0
4345,0
5129,0
3501,1
14184,0
8404,0
6105,0
4870,1
5466,0
11343,0
5474,1
9819,0
15845,1
10087,1
4400,0
7066,1
16664,0
18042,1
8394,0
10080,1
14076,1
3975,0
14976,1
169,0
9820,0
17968,0
15882,0
5405,0
17349,1
15570,0
17420,0
4043,0
10336,0
5222,0
7402,0
15369,0
16411,0
10029,0
14581,0
9734,0
6759,1
6096,0
13101,1
1710,0
5456,0
2616,1
11195,0
14421,0
4671,1
6128,0
8810,1
9535,0
12307,0
1026,0
1952,0
1397,0
12181,0
16051,0
17074,0
7728,0
7306,0
9293,0
6501,0
1901,0
12303,0
1020,0
17946,1
2697,0
7721,1
980,0
12110,1
6084,1
12357,1
8741,1
14406,0
17838,0
12748,0
16689,0
9295,0
12885,0
14863,0
2444,1
1580,1
10134,0
15765,1
18182,0
8045,0
8054,0
10419,1
8686,0
2247,0
4731,1
17285,0
14516,1
8698,0
11635,1
17763,0
18276,1
5346,0
1355,1
10597,1
8203,0
9842,0
16771,1
7614,0
12717,1
4929,0
9668,1
9194,0
4899,1
17576,1
8423,0
9660,1
2626,0
5025,1
6095,0
14246,0
10818,0
10218,0
2279,0
7836,1
12525,0
7672,1
14684,0
3251,1
9753,0
9770,0
1554,0
9091,0
15088,0
17651,1
2501,0
13972,0
14897,1
13602,1
6824,0
16068,0
1347,0
5894,1
5115,1
16993,0
8819,1
18027,1
1989,0
2152,0
7934,1
3800,0
2585,0
16504,0
6758,1
5576,0
14857,1
13471,0
10895,1
6667,0
3165,0
3684,0
13987,0
16852,0
11197,0
5175,0
10301,0
4918,0
6023,0
17778,1
3894,1
17227,1
9375,0
11309,0
13228,0
5028,0
5183,0
2680,1
12097,0
7930,1
17004,0
13562,0
3479,0
11656,1
2146,1
17693,0
6311,1
17973,1
9003,0
3048,0
17602,0
18036,0
3545,1
1087,0
8127,0
12390,0
7530,0
2874,0
1747,0
2995,1
8957,0
17982,1
7441,1
4755,0
17353,0
9835,0
15962,1
16627,0
5548,0
11117,0
7944,0
4074,0
6066,0
4715,0
4081,0
8410,1
291,0
12516,1
10321,0
18253,0
11148,0
10184,1
3214,1
8248,0
8956,0
16075,0
4767,1
6110,0
10048,1
11614,0
4101,0
960,1
17696,0
3263,0
4519,0
7149,1
6624,0
3213,0
7775,0
12483,0
8836,0
18062,0
8840,0
5564,0
15121,0
13464,0
6195,0
11364,0
7969,1
608,0
7854,0
7017,0
19,1
3265,1
9431,0
4903,1
1444,1
17666,1
18267,1
17479,0
18039,1
2807,0
4794,1
11233,0
387,1
15984,0
971,1
4097,0
4502,0
7495,1
2141,1
17254,0
12076,0
14180,0
2167,0
16391,1
10580,0
3559,1
2458,0
10393,0
8253,1
13229,0
6466,0
16447,1
2583,0
8380,1
12610,1
13988,0
11804,0
17380,0
657,1
13244,0
751,0
4527,0
8929,0
13459,0
2020,0
11356,0
1768,0
7047,0
14984,0
4771,0
11051,0
15166,0
4279,0
3230,1
1704,0
6896,0
6260,0
10676,1
576,0
11355,0
7278,0
17933,1
15972,0
3393,0
8437,0
2859,0
3813,0
2250,0
4269,0
13762,1
17065,0
14708,0
7666,0
7948,0
9929,0
3434,0
8542,0
15102,1
11468,0
4010,0
13960,0
17620,0
17590,0
4344,1
8898,1
10594,1
10120,0
2002,1
10945,1
12385,0
15797,0
14240,0
5933,1
16311,0
4093,0
744,0
11697,0
12252,0
13882,1
17070,0
1624,0
1570,1
10584,1
12051,0
15965,1
729,0
17417,0
12552,1
8030,0
14779,0
13680,0
15446,0
11915,1
17805,0
10242,0
14761,1
13897,0
10769,0
16408,1
3115,1
3043,1
4205,0
11337,1
11155,0
16574,1
836,0
16245,0
1869,1
13243,1
5860,1
3474,0
11903,1
9345,1
13523,1
15536,0
13677,1
8147,0
2039,0
4812,0
8056,0
5294,0
11809,0
8270,0
16418,0
10579,0
15496,0
3599,1
8267,1
10475,1
11782,0
10910,0
1783,0
9272,0
17306,0
6879,1
17837,0
11833,0
7215,1
13020,0
6779,1
7502,1
5348,0
15599,0
11170,0
5149,0
1576,0
3999,0
11699,0
15066,1
5128,1
13700,0
10083,0
14447,0
9363,1
11358,0
6315,1
8473,0
16757,1
15969,0
1119,1
13038,0
3366,1
2481,1
12451,0
11213,0
1346,0
1712,0
6805,0
5924,0
13360,1
3942,0
1166,1
3128,1
1303,1
18146,0
8824,0
13218,1
17475,0
16766,0
13010,0
7261,0
2450,0
7087,0
13077,0
5026,0
14550,1
12548,1
1527,0
11760,0
9385,1
8361,0
2923,1
4037,0
17843,1
8994,0
7386,0
7762,0
13091,1
13541,0
15498,1
15866,0
16885,0
7685,1
8663,0
16016,1
5274,0
7765,1
12116,0
11006,1
17718,0
12979,0
16583,0
18202,1
11519,0
4954,0
13729,0
7584,0
8649,0
4105,1
2214,1
12177,1
8318,0
967,0
15894,1
8108,0
323,0
17165,0
10982,1
6660,1
14773,1
4315,1
6756,0
15164,1
10418,1
907,0
15283,0
17494,0
7646,0
16937,0
7839,0
14710,1
4871,0
8888,0
12152,0
6584,1
12627,0
17905,1
14794,0
6259,1
17846,0
6812,1
10462,1
72,0
14784,1
11571,0
2174,0
12351,0
15554,0
2781,1
12957,0
11532,0
11993,1
17831,0
10498,0
3282,0
16590,0
3458,0
8377,1
15219,0
13610,0
5915,0
8294,1
4730,1
2495,0
1911,0
11946,1
14377,1
7924,0
12135,1
15975,1
15782,0
1208,0
7231,0
3826,0
8382,0
9243,1
16523,1
11624,1
17282,1
14653,1
6725,0
13522,1
6389,0
5617,0
8369,0
11027,0
3223,0
16414,0
15588,0
17600,1
9347,0
12382,0
2534,1
3449,0
7648,0
11978,1
13090,0
2988,0
1599,0
6415,1
11693,0
16444,1
7220,1
8688,1
9022,0
13753,1
2008,0
1983,0
9090,0
2281,0
7035,0
977,0
9372,1
6072,1
6810,0
4901,1
10059,0
12005,0
7750,1
1158,0
5572,1
17940,0
6700,0
8904,1
1981,0
12375,0
16412,0
17882,0
4229,1
15004,0
4448,0
7591,0
5758,0
1090,0
7683,0
11184,0
1611,1
10341,1
1002,1
3950,0
18143,0
9231,0
5038,0
12361,0
3635,1
12702,1
15718,1
3169,0
1767,1
9006,1
2388,0
11709,0
2095,0
13241,1
16648,0
4436,0
3780,1
16502,1
7534,0
11505,0
586,0
14363,0
8546,0
13023,0
14315,1
2878,1
2932,0
5195,0
12831,1
18222,0
2448,1
12250,1
5940,1
17250,1
11438,0
8657,1
8494,0
6423,0
4104,1
15311,0
6405,0
1315,1
5848,0
9731,0
15299,1
8612,1
2232,1
16395,0
4328,0
2578,0
9027,0
3781,1
16196,1
14314,1
13001,0
12304,0
13203,1
11626,0
1398,1
7163,1
17898,0
12567,1
12267,1
3353,1
15473,1
15434,0
17463,0
11245,0
5135,0
16881,1
14407,0
4220,0
3073,0
5900,1
5767,1
902,1
12534,0
181,1
7662,0
3302,1
5142,0
3335,0
16869,0
3571,0
2678,0
13134,0
5005,0
16762,0
13030,1
6388,1
6209,0
16643,1
10098,1
8700,0
7197,0
9183,0
50,0
16475,1
7302,0
12273,0
4625,1
3725,0
14439,0
410,0
13004,1
18218,0
6138,1
2498,0
17045,0
9543,1
2848,1
17255,0
11081,1
137,1
8487,0
7038,0
12420,0
878,1
4046,1
1097,0
10838,0
1572,0
11351,1
15645,1
10443,1
6029,0
3233,0
14347,1
8295,0
17884,1
5465,0
13501,0
15396,0
7272,0
7252,0
6803,0
5391,1
5337,0
1035,0
11055,1
16143,0
431,0
485,1
14515,1
2298,0
15307,1
6137,1
2136,0
5375,0
4915,0
4031,1
10786,0
7546,1
15662,0
2026,0
12715,0
12372,0
2255,0
5386,1
11386,0
15111,1
7403,0
884,1
1039,1
5270,0
7702,0
14413,0
7565,0
11176,0
8877,0
15438,0
10484,0
17415,0
17520,0
5339,1
47,0
16695,0
13755,1
1429,0
9831,0
1194,0
6550,0
1010,0
17686,0
18252,0
11541,0
9864,0
14121,0
5612,1
2751,0
8886,0
5537,0
6412,1
900,0
934,1
17896,0
11324,1
9844,0
1557,0
17824,0
14729,1
2579,0
3421,1
2519,0
9058,1
7159,0
16819,1
14655,0
959,0
3256,0
7904,1
13480,0
3,1
6921,0
15306,0
10251,1
4333,1
13583,0
3769,0
13455,0
11262,0
17570,1
16356,1
11253,0
6693,1
2360,0
13042,0
8049,0
16667,1
7033,1
7268,0
13449,0
14104,1
4930,0
4580,0
12846,1
6703,1
16747,1
12726,0
1470,0
5847,1
2127,0
16102,0
14614,0
10711,0
13606,0
11848,1
16623,1
9776,1
4166,1
13094,1
5236,0
11077,1
13367,1
7317,0
10547,0
7074,0
14272,0
1056,0
16359,1
7506,1
9717,1
346,0
14906,0
4153,1
15448,0
13784,0
15754,0
4949,0
4475,0
16662,0
16274,0
8847,1
9769,0
11471,0
5414,0
17466,0
3461,0
8178,0
9613,1
16153,0
3234,0
9983,0
14936,0
10208,0
4884,1
16008,0
102,1
11771,1
17137,0
15502,0
8390,1
7635,0
10765,1
11544,1
13834,0
12603,0
7442,1
7044,0
9453,0
1065,0
8935,0
5711,1
13765,0
13771,1
15545,0
8965,0
15367,0
16897,1
12459,0
10375,1
16125,0
12378,0
34,0
11812,1
17807,0
4574,1
10311,0
15267,0
17743,0
9902,0
937,0
396,0
15377,1
3120,0
1411,0
2117,0
11402,1
13855,0
2879,1
13524,0
17212,1
8916,0
14647,1
6888,0
6627,0
11489,0
12729,0
1210,1
16054,1
2701,0
12612,0
1085,1
2009,1
16260,0
9687,1
16948,0
7284,0
4045,0
16895,0
16903,1
10620,0
11235,1
9237,0
7324,1
5541,0
15769,0
6070,1
9525,0
1318,1
1769,0
9391,0
8665,0
12463,1
6913,0
9305,1
16925,1
4672,0
5155,1
5681,1
11792,0
5732,0
14706,0
130,0
8860,0
3111,0
5620,1
11650,1
2641,1
15381,0
10877,1
8360,0
6983,1
6492,1
11304,0
14107,0
14922,1
6517,0
17769,0
2826,0
12335,0
2308,0
5096,0
14785,0
16712,0
13453,0
8292,0
1838,0
7894,0
2435,0
9622,0
15331,1
16042,0
8552,1
16622,0
6369,0
11747,0
13353,0
7687,0
15024,0
7978,1
10210,0
17762,0
9811,0
655,0
3204,0
12895,0
3107,0
6515,0
18049,0
11072,0
14832,0
16684,0
14626,0
1175,0
17143,1
17729,0
15226,0
5148,1
14129,0
449,0
5841,1
5605,0
10870,0
14192,0
7075,0
15353,0
14584,1
9144,0
2054,0
535,0
14415,0
9992,0
9414,0
8862,1
6945,0
1836,0
12550,0
17317,0
7487,1
12123,0
12041,1
13391,0
13817,1
2959,0
17986,1
9097,1
7855,1
6925,1
9123,0
5174,1
11219,0
9561,0
1870,0
3910,0
16678,1
11037,0
6237,0
7100,1
10596,1
8223,1
1688,1
5106,1
7541,0
16630,0
15440,0
196,0
518,0
6876,0
15450,0
4665,1
1905,1
2909,0
3014,1
401,1
8239,0
18229,0
12818,0
57,0
17106,0
7592,0
8293,0
14989,1
6569,0
5792,1
7125,1
11287,0
9690,0
4254,0
14956,0
6518,1
11990,0
3069,0
6149,0
9994,0
17498,1
6891,1
17772,0
99,0
1694,0
12740,0
8046,0
15664,1
6067,0
5500,0
2315,0
7289,0
3522,0
12104,1
1707,1
254,0
16791,0
16141,1
1302,0
13092,1
17941,0
3788,1
483,1
15987,0
11231,0
17643,0
10550,0
12471,0
15632,0
16915,0
11808,0
12052,0
2252,0
16801,0
12571,1
16280,0
15032,0
7152,0
5007,1
18107,0
9341,0
4230,0
17232,0
10455,0
927,0
13276,0
2405,1
12778,1
2614,0
13088,0
9883,1
18008,0
3704,1
7983,1
9997,1
6705,0
7245,1
17149,0
5950,1
4639,0
8951,1
6600,1
3739,0
3698,0
10953,0
16155,0
5502,0
18204,1
2714,0
12937,1
1023,0
11152,0
13758,0
8327,0
10334,0
13361,0
12842,1
6612,1
5265,0
409,1
6421,0
1199,0
12788,0
6765,1
13056,1
2189,1
9545,1
5566,1
14672,1
12914,0
16992,1
18208,1
12462,1
11724,1
2043,0
6595,0
3658,0
15630,0
11643,0
2549,1
2522,0
273,0
4202,0
2238,0
5082,0
664,0
6760,1
13003,0
13408,1
14252,0
8977,1
14497,0
17627,0
16276,0
10392,0
2393,1
17965,0
5217,0
1157,1
3978,1
17939,0
17609,0
5853,0
14148,0
3468,0
17487,1
454,0
5714,1
1984,0
6293,0
2629,1
16320,0
8868,0
12020,0
16865,1
1280,0
15402,0
14284,0
6177,0
13439,0
15839,1
10806,0
536,0
12894,1
13667,1
259,0
6321,0
10959,1
9358,0
6064,0
2748,0
2003,0
14079,0
640,1
11091,0
3706,0
12405,1
11759,1
12311,0
11226,1
5422,0
5489,0
8863,0
15342,0
10030,0
9119,0
12604,1
13167,0
2270,0
5440,0
8057,0
1866,1
18037,0
7222,1
1121,0
17742,0
9751,1
8496,1
10423,1
8818,0
9646,0
5250,0
14592,0
16401,0
1698,1
7451,0
14258,0
12111,1
14375,0
1042,0
10803,1
16215,1
17490,1
11214,0
10025,0
3079,1
8324,1
12667,1
377,0
357,0
14132,0
14443,1
13222,0
3776,0
1441,0
4880,0
12822,0
2935,0
8544,0
3287,1
1713,0
17472,1
7250,0
16989,1
5990,0
15478,1
8062,1
18116,1
13748,1
6422,1
7716,1
15218,0
5826,0
2937,1
4110,0
16343,0
11215,0
5748,0
222,0
2312,0
17069,0
5689,0
2408,0
12519,1
11013,0
3485,0
15582,0
16360,0
15936,0
113,1
8393,0
8439,1
11401,1
6714,1
2715,1
11986,0
8999,0
10005,0
8654,0
3502,0
14320,1
17280,1
7228,0
7747,0
4653,1
11931,0
3686,1
9349,1
8262,0
11597,1
12530,0
2602,0
13764,0
135,0
6480,1
2974,0
11242,0
7479,0
4461,0
9976,0
13683,1
12027,0
8196,1
2485,0
2087,0
14764,0
10146,0
11146,0
2133,0
2403,0
2796,0
12899,1
1890,1
10687,1
17221,1
11769,0
3784,0
7738,1
17804,0
12841,0
2554,1
8481,0
15384,1
5727,0
5090,1
12774,0
7045,1
9850,0
1833,1
17909,0
8889,0
11340,0
1139,1
17653,0
10237,1
12698,0
7828,0
13089,0
10936,0
10650,0
6101,0
4693,1
653,0
17007,0
17436,0
1113,0
2334,0
5996,0
930,0
373,1
2099,0
9340,0
14790,1
10563,0
4034,0
14995,0
13953,1
14671,1
7578,0
13600,0
14534,0
17697,1
3310,0
2132,0
9434,0
8937,0
41,0
9024,0
862,0
5140,0
7671,0
8413,0
8715,1
12165,0
7063,1
4822,1
3289,0
11586,0
11549,1
13469,0
566,0
17122,0
11492,0
14591,1
1305,0
17660,1
16440,0
9804,0
17269,0
7348,1
5219,1
3288,0
18067,0
6418,0
54,1
7120,0
6463,1
17886,0
5963,1
6216,1
5667,1
735,1
12923,0
7712,0
6580,0
17987,1
720,1
2483,0
16248,1
426,0
5719,0
5099,1
4375,1
3577,0
12562,1
16183,0
14834,0
2516,1
10155,1
2275,1
15877,1
420,1
284,0
15542,0
8211,0
5864,0
17857,0
3481,1
8594,0
14769,1
7808,1
9568,0
11689,0
10493,0
8797,0
6836,0
7634,0
5700,1
14433,1
14044,0
5707,0
13560,0
14017,0
7021,0
15108,1
9936,0
4028,0
4246,0
16365,0
1720,0
2950,1
13390,0
17792,0
10538,1
221,1
11466,0
13879,0
9185,0
6712,1
17736,1
5441,1
18070,0
4148,1
14993,1
2998,0
7749,1
17572,0
1606,1
3651,0
9965,0
1276,0
8628,1
4352,0
9044,0
4325,0
7862,0
8206,0
5259,1
10730,1
3002,0
12409,1
13739,0
6243,0
4585,0
4856,1
9755,1
16642,0
13219,0
12804,0
11776,0
7528,1
3077,0
841,0
11465,0
3944,0
4667,0
17723,0
15466,0
13376,0
8197,0
1602,1
2608,0
9750,0
8140,0
7439,1
8193,1
447,0
11044,1
2622,0
13681,0
10949,0
9052,1
15750,0
9981,1
11698,0
8232,0
3298,0
14685,1
1921,0
13231,1
9038,0
10041,1
4032,1
16944,0
1358,0
2797,1
9432,0
4896,0
16497,0
4193,0
11859,1
13197,0
12325,0
4168,0
4807,0
1320,0
14507,1
15055,0
5460,0
13425,0
6202,0
5921,1
11352,0
13148,1
13538,0
15722,1
8443,0
16866,1
3248,1
9676,1
14735,1
8086,0
7229,0
7273,1
8854,0
14271,0
2948,0
7136,1
149,0
5282,0
94,0
17998,1
5550,0
2730,0
7144,0
13668,0
13907,0
1496,0
11679,0
0,1
4125,0
4850,1
5069,0
10226,0
14442,0
10325,0
8875,1
3125,1
11588,0
14352,0
8829,0
4338,0
2589,0
11974,1
17755,1
17120,0
4294,0
5567,0
14631,0
10548,1
10882,0
18022,0
12830,1
8582,1
9955,1
8194,1
7307,1
1634,1
16214,0
4660,1
4705,0
16424,1
1479,0
10798,1
2150,0
14912,0
1498,1
6425,0
14888,1
5658,1
17311,1
9396,1
4977,1
8035,0
11133,1
7558,0
12294,0
3857,1
5936,0
8285,1
17788,0
11100,0
16507,0
9827,0
16851,0
12620,1
13906,0
15684,0
14874,1
16960,0
16516,0
12762,1
7425,0
12059,0
17499,1
6235,0
2704,1
4982,0
9526,1
316,0
9843,0
11433,0
7963,0
12759,1
3245,0
15309,0
2571,1
5453,1
7539,0
9054,1
4441,0
12646,0
4407,0
15347,0
4874,0
1639,1
4745,1
4528,0
14957,1
9148,0
17125,0
5035,0
6189,1
12922,0
10282,0
8517,0
16597,0
5309,0
11966,1
6498,0
5786,1
6286,1
1965,0
14954,0
12741,1
1584,0
2025,0
5252,0
9904,1
14471,1
1215,0
3035,0
10764,1
12789,1
12469,1
5836,0
16308,0
6872,0
16119,0
1343,0
17698,1
15778,0
3643,1
10605,0
2862,1
14170,1
18201,1
4309,0
8583,0
5118,1
7974,0
700,0
18043,1
14736,0
8317,0
4978,1
13332,0
13415,1
1314,0
15256,0
764,0
11206,0
4189,0
4024,0
7811,0
8256,1
7576,1
13024,0
16346,0
15499,1
16329,1
5736,1
5199,0
950,1
826,0
9319,1
274,0
10018,0
5701,0
1053,1
12764,0
4849,0
13983,0
7199,0
11193,0
5412,0
16300,0
8703,0
4618,1
304,0
8018,0
6835,1
7945,0
8288,1
5725,1
15604,0
13008,0
14728,0
2864,0
9675,0
511,0
14698,0
9161,0
8375,0
17023,0
13852,0
17416,0
16945,0
13373,1
8158,0
4464,1
9838,0
16769,0
5157,0
742,0
6489,1
11940,1
9386,0
5908,0
5863,1
9180,0
8460,0
15705,1
3852,0
8171,1
601,0
11147,1
11997,0
9806,0
17299,0
381,1
12350,1
10663,0
6141,0
16492,0
15341,0
8272,0
12118,0
12396,0
8922,0
11444,0
5547,0
3106,0
12653,0
13826,0
3656,0
2699,0
7567,0
1372,0
4738,1
439,0
11830,1
15555,0
3778,0
5528,1
5083,0
4993,0
18035,1
7796,0
11537,0
339,1
15235,0
9287,0
13956,1
8013,0
14499,1
16289,0
5332,0
4265,1
14152,0
13275,0
903,1
6473,0
2351,0
3441,1
12381,0
8323,1
12736,1
9412,1
15206,0
1593,0
366,1
12498,0
6002,0
2199,1
12439,0
9371,1
12564,0
3669,1
4156,1
3710,0
12478,0
4285,0
8164,0
16294,1
8020,0
13095,0
5363,1
10011,0
12735,1
6494,0
1206,0
11432,0
6931,0
16537,0
12133,0
1486,0
10683,1
11060,1
15461,0
85,0
167,1
5058,0
7665,1
14605,0
4489,1
12836,0
4680,1
5639,0
1418,0
4245,0
4991,1
7563,0
17248,0
46,1
14781,1
13995,0
10162,1
12120,0
15567,0
14154,0
2069,0
1522,1
9672,0
15001,0
17331,1
15217,0
1078,0
3733,1
2175,1
9812,0
624,1
15862,0
15260,0
2968,0
17518,1
9855,0
16659,0
7049,0
257,0
5927,0
147,1
2973,1
4664,1
13863,0
11062,1
425,1
5357,1
7608,1
3425,0
11928,0
10881,1
9163,1
13569,0
6440,0
10212,0
15214,0
12617,0
4449,0
3844,0
9754,0
17173,1
1739,0
15767,0
14481,0
13496,0
7475,0
1887,0
5020,1
5671,0
5905,0
17757,0
11775,1
13061,0
9942,0
15574,0
8763,0
16047,1
13601,0
15657,0
16298,1
1393,1
14110,1
3050,0
18136,0
6632,1
15403,0
2254,0
9125,0
14508,1
14131,0
911,0
6730,0
1714,1
11513,0
7020,0
17439,0
18153,1
18055,0
3753,1
7654,0
15702,0
11758,0
15178,1
8344,0
12277,0
14961,0
3433,0
16657,0
2006,0
1288,0
14978,1
7474,1
16487,1
8486,1
13155,1
1693,0
12398,0
10376,0
3376,0
3016,0
6729,1
16179,1
13119,1
9530,0
9798,0
2499,0
4907,0
218,1
8037,0
11345,0
6556,0
13206,1
10115,1
3617,1
2574,0
12823,1
3268,1
12376,1
5312,0
16949,1
2512,0
8647,0
5431,0
17168,1
2081,0
17109,1
1959,1
12678,0
13290,0
4985,0
8291,0
14057,0
8453,0
2993,0
11370,0
16969,0
16520,0
11761,0
13694,1
9623,0
16265,0
11274,0
1064,1
5948,0
11144,0
5683,1
8093,1
3207,1
17303,1
16174,0
11572,0
1771,0
14642,0
9796,0
17222,0
8762,1
3477,0
10479,1
15418,0
11292,1
14975,1
16792,1
14704,0
3601,0
3846,1
18112,1
13874,1
9937,1
2638,0
3402,0
1153,0
10797,0
2299,0
11794,0
12223,1
9004,0
14669,1
16540,0
3102,1
150,1
17745,0
1535,0
11015,0
12203,0
1277,0
9015,1
9512,0
2225,0
10513,0
4560,0
1683,0
10196,0
18059,1
4219,1
9152,0
13786,0
578,1
16256,0
14795,0
334,1
3989,0
2718,1
3886,0
8153,0
7360,0
8416,0
5071,1
11852,1
17345,0
12302,1
15130,0
676,1
1006,0
15097,1
8726,0
7858,1
18159,0
4438,0
15830,0
4446,0
4547,1
11886,0
8776,0
2885,0
3314,1
7142,0
10346,1
17960,1
15674,1
13663,0
13413,0
9147,1
9988,0
12171,0
2836,1
15199,0
1443,0
953,0
12210,1
8065,0
13436,0
17442,0
6920,0
4116,1
5802,1
2467,0
466,0
1962,0
533,0
6301,0
469,0
7138,1
8941,0
4165,1
6156,0
2045,0
8000,1
6097,1
13371,0
6438,1
8451,1
8746,0
638,0
7881,0
1266,0
16367,1
12269,0
10981,1
6027,0
10456,0
6383,0
12038,0
16685,0
1664,1
6291,1
10163,1
10384,1
14313,1
1247,0
411,1
13797,1
4708,0
1566,0
1354,1
14495,1
12865,1
10630,1
1530,0
17952,0
15650,1
5587,0
688,1
13533,0
12853,1
1544,1
4788,0
7550,0
8145,0
12191,0
12274,1
12256,0
13638,0
10802,0
15135,0
13378,0
11584,1
8764,1
6822,0
11568,0
2471,0
16073,0
4981,0
15556,1
1123,0
16624,0
6631,0
2277,1
5862,0
11876,0
4351,0
4828,0
7731,0
8769,1
6271,0
2380,1
6880,0
30,1
3143,1
14807,1
5654,0
17422,0
16739,1
4787,0
11741,1
14777,0
8233,0
14048,0
1489,0
7223,0
3482,1
9919,0
17616,0
15212,0
17945,1
12752,0
12495,1
12387,0
12621,0
15673,0
8407,0
17650,0
1795,1
15429,1
15435,0
16149,1
7917,0
5018,0
3991,0
8200,0
8574,1
1336,0
4622,0
12683,0
11218,1
7477,0
5942,0
7649,0
11723,0
5012,0
9539,0
14690,1
3394,1
17362,0
157,0
188,1
2493,1
11036,0
11020,0
16918,0
7580,1
5483,1
12983,1
4688,1
5653,0
7588,1
5421,1
293,1
5438,0
9199,0
11137,0
2546,0
5015,1
12194,0
5216,0
3013,1
17615,0
9304,0
3974,1
18176,0
17193,0
9990,1
5562,0
7899,0
11850,0
12083,1
1534,1
3579,0
8489,1
9566,0
6936,1
15511,0
10742,0
7051,0
13039,1
11417,1
11014,1
10250,0
12616,0
9222,1
984,1
10656,1
2359,1
673,0
7346,1
16118,1
4762,1
11642,0
3222,0
3184,1
2820,1
14840,1
16634,0
5625,1
2791,1
14660,1
16461,1
4467,0
17546,1
4089,1
1326,1
385,0
17382,0
12744,0
16811,0
5623,0
6373,1
16470,0
9404,1
13934,0
1650,0
11963,0
5426,0
5245,1
15320,1
9899,0
435,0
10168,0
10149,0
12681,1
11398,0
2445,0
9202,1
12154,0
2545,0
17578,1
2562,1
398,1
15601,1
1805,0
14353,1
11752,0
10239,1
14705,1
11387,0
6503,0
3550,1
1475,0
7457,1
3964,0
17024,0
3887,1
121,0
13693,1
4410,1
16197,0
9839,0
9664,0
9321,1
8794,0
3015,0
10476,0
14569,0
17239,0
12068,1
6560,0
9674,1
7760,1
12009,0
13256,1
280,0
8019,0
18111,0
17835,0
5527,0
9745,1
9574,1
4902,0
13191,1
4048,0
8969,0
1889,1
1270,0
10613,0
17502,0
10537,0
6549,0
17798,1
2996,0
5198,1
4293,1
7975,1
16476,0
13532,1
10565,0
3193,0
8953,0
18119,1
4936,0
3532,1
575,0
5814,0
1352,0
14697,1
12573,0
16988,0
10186,0
4501,1
15000,0
9778,0
15081,0
505,0
2857,0
5168,1
7438,0
11263,0
6698,1
7802,0
7882,0
2111,0
5809,1
14540,1
14146,0
13734,1
5638,1
3411,0
7792,0
4296,0
13022,0
15818,0
15931,1
4750,0
9758,0
9972,0
9767,0
17926,0
11942,1
6664,0
14789,0
7870,0
8885,0
12953,1
3615,1
14645,1
3498,0
15535,1
9437,1
7472,1
9411,0
12631,0
2919,0
16156,1
5817,0
15773,0
9233,1
11585,0
3609,0
14966,1
9670,1
7621,0
10092,0
6512,0
8528,1
7359,1
3315,1
7834,1
14134,0
5211,1
10915,1
17116,0
5361,0
11719,0
2216,0
13086,0
12538,0
3269,1
14092,1
1127,0
10619,1
8402,0
1799,1
3682,0
13950,0
12444,0
6384,0
4347,0
14013,0
13845,1
11251,0
2034,0
17812,0
16764,0
4201,0
13122,1
15107,0
13441,1
16099,0
16744,1
11687,0
10247,1
8985,0
8668,1
4115,0
6497,1
6253,1
12656,0
4724,0
15938,0
12247,0
13661,0
8899,1
3260,0
617,0
9601,0
8149,1
16269,0
6510,0
18163,0
13962,0
12994,1
13563,0
2840,0
14417,0
3341,1
16734,0
17021,1
1433,1
177,0
17981,0
10360,1
17047,1
15188,1
7663,0
9084,0
3023,0
17766,0
7971,1
10999,0
16718,0
1092,0
16207,0
15099,0
829,0
6210,0
10962,0
4706,0
15727,1
7919,0
35,0
473,0
12546,1
8499,1
9069,0
17261,1
11400,0
11024,0
13475,1
9578,1
8675,1
4450,0
14931,1
1327,0
3418,0
1729,0
7267,0
10700,1
12400,1
13549,1
17433,1
8422,0
1681,1
1452,0
11102,0
14639,0
2109,0
17174,0
17622,0
1365,1
10474,1
6847,0
6113,0
16721,0
17275,0
14136,0
10189,0
7270,0
299,1
1107,0
10319,1
850,1
3595,0
10404,0
2246,1
15671,0
3031,0
15370,1
1608,0
17638,1
11566,1
4342,0
3984,1
8,0
9606,0
14067,0
7224,1
4484,0
5512,0
14520,1
15592,1
9652,0
4197,1
17509,0
12904,0
13251,0
9532,1
1005,1
5883,0
3097,1
16867,0
12309,0
6867,0
9440,1
12558,1
13488,1
17445,0
6408,0
12844,0
6955,0
750,0
1190,1
15323,0
6706,0
4084,1
5584,0
16479,1
8507,0
13295,1
12547,1
3572,1
14582,1
8966,0
7985,0
7691,0
5980,0
9571,1
817,0
4691,1
4288,0
11420,0
16768,0
9071,0
1310,1
7401,1
17162,1
14239,0
13325,1
6325,0
17084,0
17715,0
3623,0
4789,1
5031,0
13434,0
9703,0
16112,0
2478,0
9100,0
10294,0
9246,1
12694,1
7410,1
16368,0
9597,0
2559,0
1808,1
7720,0
13307,0
17549,1
10107,0
9070,1
10856,0
263,1
9801,0
17003,0
12754,0
16164,1
6356,0
344,0
10994,1
17689,0
1571,0
4170,1
9816,0
10441,1
7101,1
6619,1
2084,1
14535,0
16193,1
1370,1
3090,1
16862,1
10974,0
7841,0
8846,1
558,0
15273,1
11484,0
17469,0
11415,1
42,1
31,1
13265,0
12367,0
14003,0
5598,0
16185,0
14658,0
5034,0
1964,1
6762,0
5267,1
6885,1
9534,0
5203,0
15626,1
12704,0
12368,0
11720,0
10035,0
1976,0
16226,0
15293,0
3821,1
18243,1
7636,0
16091,1
5849,0
1766,0
17318,0
17893,0
9377,0
3995,1
18050,1
1488,0
5046,0
14564,0
5764,0
10532,1
16413,0
7660,1
13684,0
7453,1
15695,0
17583,0
6649,1
13495,1
542,0
10157,0
11221,1
1071,0
8826,0
5887,0
12900,1
1655,0
13372,0
2861,0
15622,0
10707,1
5331,1
2183,0
12370,0
5291,0
13766,0
17142,1
4610,0
7733,0
7298,0
1807,1
7551,1
2126,0
8213,1
7217,0
1011,0
14428,0
2088,1
11820,0
6036,1
12523,0
4548,0
7589,0
6877,0
9376,1
16015,0
7109,0
8506,0
1246,0
9711,1
6395,1
5019,0
6366,1
2074,0
15779,0
12290,1
9129,1
4488,0
474,0
3290,0
7816,0
1853,0
914,0
11898,1
17005,0
10254,0
9274,0
16552,1
17871,1
11736,0
3986,0
11998,0
10371,1
5321,0
7102,1
16879,1
12873,0
2760,1
12890,1
16699,1
14841,0
3274,0
4281,0
9723,0
3387,0
12257,0
6402,0
12798,0
12727,0
3570,0
8781,0
9939,0
5107,1
13958,0
6601,0
7682,0
8565,1
14157,1
12720,0
1383,0
12930,1
6208,0
11208,0
10236,1
1748,1
15423,0
14925,0
10646,1
10903,0
1213,0
1122,0
12589,0
3101,0
9720,1
84,0
1226,1
17113,0
8299,0
12156,1
5800,0
16777,1
17133,0
3099,0
9633,0
8351,0
9691,1
10557,1
9529,0
4132,0
8409,0
1604,1
10199,0
11832,0
7613,0
17539,0
4336,1
4385,1
17770,1
176,0
7150,0
2358,1
17166,0
2231,1
15322,1
15077,0
4013,0
13306,1
3053,0
13802,0
14053,0
10675,0
10156,1
2414,1
1430,0
1512,0
15057,0
8370,1
5589,0
4040,0
5749,1
10727,0
3919,1
14394,0
6392,0
3221,0
8255,1
17592,0
10031,1
8913,0
2894,0
3546,0
16053,1
16845,0
2404,0
18108,1
2771,0
13208,0
3948,0
11526,0
3369,0
1297,0
12858,0
8774,1
553,0
10100,0
6746,1
14980,1
17887,0
17585,0
5182,0
4100,1
6417,0
11509,0
14748,0
9050,1
7887,1
434,1
8161,0
18060,1
7182,0
11716,0
15594,1
16061,1
15173,0
2203,0
3445,1
4629,0
8950,0
3578,1
1333,1
16871,1
509,0
3410,0
12354,0
16676,0
12810,0
18170,0
1533,1
14543,0
14329,0
9630,1
4989,0
4186,1
6927,1
7387,0
9415,0
14892,1
14997,1
15763,0
10257,0
16711,1
10434,1
15334,0
14064,0
7606,0
15678,1
932,1
9002,0
11640,0
11076,0
6536,1
936,0
14150,0
3484,0
10427,0
15129,0
13028,0
993,0
3657,0
6834,0
7026,0
1368,1
15669,1
16131,0
8114,0
1547,0
8008,0
2584,0
8284,0
9187,1
3703,0
8374,1
12164,0
9039,0
14037,0
14981,1
9000,1
13097,0
353,1
7107,0
17315,1
7912,0
15051,1
17864,0
1935,1
5787,1
803,0
5803,0
4783,0
6630,0
12270,1
3447,0
17096,0
17624,0
9659,1
9224,0
15590,0
14485,1
10268,0
4638,1
4226,0
13225,0
13105,0
5532,0
11583,0
3843,0
11734,1
2918,0
5207,1
1722,1
18134,0
6433,0
1061,0
11839,0
5146,1
1373,0
13152,0
7668,1
7476,0
15746,1
5030,0
14905,0
17925,1
12556,0
12993,0
4149,0
17010,0
6173,0
7553,0
6525,0
9466,0
8355,1
10089,0
7510,0
2291,1
16536,0
13896,0
10574,1
3603,1
7947,0
15968,0
3752,0
5268,0
6820,0
14768,1
1066,0
6757,0
4836,1
8870,1
13029,1
10399,0
842,0
2977,1
13586,0
3997,0
10097,1
2091,1
7772,0
9214,0
503,0
2271,0
3063,1
10527,0
4785,1
17955,0
4743,0
168,1
18248,0
6934,0
5761,0
3059,0
15006,1
9683,0
4877,1
6527,1
13187,1
9255,1
17966,1
10963,0
15449,0
3755,0
15863,1
1236,0
14435,0
2900,0
13588,0
5133,0
4411,1
14,1
15916,0
682,0
14737,1
5112,0
2927,0
13112,0
8455,0
16531,1
5903,1
9382,1
15655,0
12887,0
16009,0
3971,1
17565,1
12739,1
16842,0
10890,1
14161,1
2858,1
4832,0
1643,0
9213,0
13640,0
15198,0
5,0
2656,1
6545,1
13642,0
13255,0
1659,0
16123,1
11535,0
11560,0
4119,0
4509,0
4851,0
11499,0
8607,0
16128,0
17223,0
9483,1
487,1
3362,1
4447,0
15992,1
119,0
13492,1
7827,1
6787,0
12933,0
5721,1
3877,0
4990,1
14528,1
12544,0
10381,0
2884,1
3714,0
3608,0
13298,0
17002,1
7039,0
6775,0
1402,0
9292,1
17612,0
7511,0
11179,0
11488,0
7068,1
4291,0
568,1
6602,0
8241,0
4140,0
7497,0
16033,0
9558,0
11038,0
16770,0
2455,0
17676,0
7664,0
2525,0
1684,1
7335,1
13198,1
17682,1
4445,1
18155,0
15560,1
5687,0
12238,1
2613,0
9998,1
18233,1
10955,0
9299,1
14333,0
17567,1
3946,0
1575,0
1583,0
1520,0
6220,0
1617,1
491,0
14487,0
11762,1
6662,1
1330,1
9075,0
14578,0
3582,1
4510,0
11067,1
17355,0
9522,1
13905,1
15551,1
6252,0
4123,0
4286,0
9598,1
10269,0
2037,1
1022,1
11527,1
4720,0
266,0
11375,1
11955,0
3827,0
12850,0
11811,1
7110,0
13981,0
2742,0
1263,0
17150,0
3584,0
13985,0
17373,1
1668,0
14125,0
5227,0
5418,0
4999,1
15172,0
8936,1
9705,0
3833,1
9132,0
8608,0
6926,0
5381,0
15189,0
14695,0
7344,0
9640,1
14340,0
758,0
6143,0
6685,0
12697,1
17432,0
3592,0
16954,0
15483,0
10794,0
16180,1
10826,0
10902,1
895,0
17407,1
8195,1
1225,0
17279,0
16177,0
17234,0
7326,1
10122,1
9592,0
11879,0
16587,0
17962,0
14387,0
14738,0
7895,0
17053,1
2227,0
12872,0
945,0
1274,0
13141,1
6951,0
13348,1
11725,0
8825,0
8011,0
16629,1
18071,1
17915,0
15033,0
18030,0
2788,1
1180,0
12494,0
4914,0
14230,0
3493,1
14310,0
1459,0
15942,0
12266,0
14898,1
17752,1
10752,0
8629,1
1586,0
1395,0
17625,0
11592,0
3889,0
17440,1
13885,1
16606,0
6134,0
10925,1
13018,0
12287,1
3299,1
10600,1
17626,1
11056,0
3032,1
3903,1
7877,0
2182,1
13351,0
11967,1
10536,0
15284,0
14808,1
2245,0
1484,0
12434,0
11770,1
3647,1
9964,1
10127,0
15762,1
6108,0
4739,0
7655,0
7327,1
15047,1
10684,0
14182,0
8678,0
16935,0
468,0
27,0
4393,0
15922,0
4147,0
805,1
14782,0
15082,1
15128,0
13252,1
15409,1
5998,0
1143,0
8642,1
2737,1
9364,0
5659,0
14860,1
12826,0
5049,1
13880,1
3742,0
83,0
925,1
12809,0
10241,0
13443,0
7722,1
14222,1
2536,0
13542,0
6735,0
13567,0
17934,0
13805,0
2798,0
9761,1
13172,0
14453,0
12527,1
13597,1
9757,0
15923,1
9853,0
9851,0
16297,0
9880,0
8655,1
7085,0
15163,0
14757,0
5888,0
11503,0
9140,0
13529,0
15008,0
8478,0
10709,0
8674,1
11828,0
3980,0
5601,0
6061,1
16704,0
6991,1
6647,1
16802,1
14318,1
9138,0
17459,1
11520,0
16011,0
875,0
15879,1
12521,0
15676,1
5230,1
3021,1
12384,1
8815,1
11297,1
1047,0
17665,1
7112,0
14085,1
7276,0
4353,0
17997,1
794,1
3745,0
14947,1
2802,0
9189,0
12648,0
8309,0
5516,0
15339,0
2194,0
13678,1
3042,1
17944,0
1043,1
15637,1
14513,0
6723,0
4824,1
6462,0
4278,0
15180,0
1880,1
4921,0
16459,1
11972,1
1775,0
14756,1
15310,0
10866,0
15488,0
11838,0
5561,0
12733,0
16399,0
14034,1
14665,1
199,0
4397,1
4965,0
554,0
12220,0
345,1
14159,0
14878,0
4176,0
2236,0
14687,1
14392,0
2154,1
15704,1
6076,1
3692,1
6266,0
831,0
7202,1
6932,0
10631,0
9841,1
7596,1
2453,1
10192,1
15215,1
5893,1
360,1
17402,0
14401,1
6194,0
11973,1
9360,0
6541,0
16829,0
9334,1
4848,0
5923,1
11661,1
16348,1
13548,1
13292,0
11819,0
13769,0
17236,1
7050,1
11540,1
15146,0
3108,1
12637,0
11217,1
3254,1
8603,1
4816,1
7729,0
1508,0
2872,0
10633,0
4614,0
4124,0
3438,1
10753,0
7771,0
12806,0
4216,0
4609,0
16071,0
18135,0
2734,0
9049,0
15184,1
1711,1
8354,1
13044,1
15139,1
14384,0
7221,0
4035,1
10090,0
16078,0
13369,0
4257,0
12272,0
12542,1
10110,1
1254,1
15104,1
12176,1
6874,0
7676,0
2122,0
2673,0
17972,0
3953,0
1516,0
13751,0
16189,1
791,0
8908,1
6994,0
337,1
14147,1
2344,1
4004,0
14831,1
13922,1
6914,0
14464,1
11935,0
14839,1
14171,1
10466,0
16595,0
7048,0
33,0
7801,0
311,1
17192,0
14030,0
11547,0
15734,1
13113,0
239,0
16922,0
10781,0
7383,1
1745,0
14890,0
8509,0
4256,1
16603,0
1024,0
17243,0
14100,1
2906,0
9985,0
8986,0
10017,0
14661,0
8304,0
14501,1
5420,0
17328,0
5446,0
4203,0
10504,0
14247,0
4800,0
4885,0
6075,0
6690,1
7053,0
16558,1
2357,0
5514,0
5665,0
14522,1
4127,1
8585,0
9317,0
17431,1
6486,1
2124,0
8300,0
15816,0
14811,0
732,0
5859,0
13190,1
3763,0
79,0
4561,0
13842,1
4506,1
10815,0
333,0
13294,1
17787,0
17725,1
8596,0
2188,0
7255,0
6903,1
7073,0
15205,1
4289,0
9252,0
214,1
7139,0
13454,0
3154,1
14940,0
106,0
13215,0
17121,0
15897,0
6832,1
17591,0
9901,0
10000,0
1528,0
7380,0
6608,0
1662,0
455,0
14304,1
6206,0
13209,0
17708,0
12597,0
15479,1
15527,1
10108,1
16233,0
6975,0
10909,0
18232,0
14214,0
12514,0
3646,1
12074,1
11106,1
10436,0
173,1
9128,0
335,0
6656,0
6332,0
13980,0
399,0
5657,1
749,0
611,1
11422,0
5999,0
4983,0
14317,1
4718,0
6162,0
11408,1
16450,0
3087,0
16443,0
14809,0
16666,0
3187,0
5549,0
12861,0
5280,0
13674,0
15842,0
15028,1
17885,1
17928,0
15509,0
14378,1
5513,1
11575,0
17169,0
10224,0
11125,1
11574,0
8085,0
1562,1
13133,1
16203,0
14709,1
2755,1
14558,0
2694,1
9167,0
15796,0
10540,0
18105,1
17779,0
17038,1
12077,0
10678,0
15672,0
17588,0
13928,0
16670,0
17906,0
15698,1
2213,0
5125,0
16545,0
17329,1
8900,0
9520,1
2348,1
12942,0
11026,0
16979,1
13338,0
12044,0
6808,0
5597,1
4740,1
12784,0
12055,0
5833,0
9378,0
6526,0
2683,1
11548,0
6676,0
5459,0
14498,0
13744,0
14493,1
7861,0
5478,0
14454,0
1521,1
10690,0
14404,1
14348,0
11607,0
17974,0
7203,0
3591,1
16229,0
3905,0
6844,1
9390,0
1675,1
17664,0
8500,0
16315,0
6051,0
2056,0
13137,1
17379,0
14145,0
4553,1
8059,1
10943,1
10731,0
16350,0
17774,0
8198,1
11079,1
16906,1
12410,1
1896,0
13173,1
6702,0
14659,0
12786,1
9925,1
12746,1
3316,1
11750,0
16338,0
7092,0
4221,0
11504,0
14824,0
16301,0
1615,0
8760,0
6186,0
3973,0
14991,1
1598,0
17652,1
12838,1
1803,1
8561,1
9982,1
10369,1
14224,0
9473,0
8009,0
16483,0
1732,1
12526,0
772,0
16117,1
16277,1
2332,1
16139,0
394,1
6918,0
2595,0
10198,0
14758,1
10957,0
17134,1
7517,0
2029,1
15376,0
16780,0
2057,1
12509,1
13685,0
4237,0
5553,0
6367,0
4723,1
6427,1
11945,1
871,1
2816,1
12217,0
15392,0
10337,1
9320,0
4098,0
13608,0
5272,0
5290,1
7656,0
18048,1
17670,0
2288,1
18166,1
7998,0
18198,0
11244,1
8614,0
3025,0
4057,1
14689,1
8121,0
275,1
13175,1
3576,1
13447,1
13163,0
3678,1
16134,0
13825,0
18172,1
20,1
15399,0
7181,1
7014,0
10872,1
1851,0
4139,0
2473,0
4592,0
14774,1
1922,1
18164,0
8896,1
10144,1
13520,1
2342,1
18104,0
16020,0
5385,1
9248,0
13346,0
12018,0
7015,0
12443,1
12510,1
8918,0
16886,1
4130,1
16840,0
14801,0
1217,1
9400,1
16846,1
9792,0
8083,1
6930,0
1954,1
18236,0
1740,1
17760,1
457,0
16706,0
6590,1
10968,1
9492,0
6848,0
63,1
13072,0
14024,0
14891,0
11612,0
13405,0
16673,1
10010,0
5449,0
8882,1
11032,1
1454,0
10494,0
16640,0
15510,1
14339,0
10967,1
15935,0
1817,1
17059,0
61,0
3098,0
6842,1
5545,0
17691,0
633,1
1923,0
5595,0
3132,0
9397,0
11209,0
17451,1
15428,0
13394,1
3147,0
4714,0
9367,1
12216,1
13130,0
16522,0
12058,1
16556,0
16210,1
4169,0
407,0
14942,1
5496,0
12486,1
1623,1
1595,0
6742,1
12642,0
170,1
4904,0
2882,1
3205,0
17880,0
6020,0
16345,0
10431,0
9980,0
11789,1
11785,0
10978,0
1385,0
17599,1
683,0
11103,0
13345,0
12879,0
11114,1
8225,0
13936,0
8689,0
14988,0
800,1
747,0
4029,0
17761,1
7290,0
2206,0
3056,0
11054,0
590,1
13951,0
8503,1
3689,0
1491,0
11920,1
7820,1
15947,0
1405,1
962,1
13277,0
14260,0
10665,1
5965,0
9696,1
6193,0
8928,1
10420,0
3286,0
9552,1
7700,1
10137,0
5194,0
7920,1
1187,1
14429,0
16094,1
8332,0
13267,1
10072,1
6069,0
15647,0
4682,1
13015,0
14651,0
17327,0
15518,0
4764,0
14608,1
3325,1
11881,0
11525,0
6306,0
14386,0
18079,0
13578,1
9930,0
6088,0
1612,0
4955,0
5464,0
12056,1
6829,0
7459,0
13556,1
18073,0
13143,1
6399,0
2675,0
5504,1
6329,0
7535,1
17677,0
13063,0
11615,1
1744,1
13698,0
4862,0
1822,0
811,1
868,0
6298,1
17809,1
6290,0
3280,0
15701,1
9721,1
15412,0
6024,1
12731,0
5716,0
5349,1
3524,0
9489,0
16996,1
9258,1
13374,0
2558,0
4963,0
1844,0
17993,1
8129,0
6133,1
10305,0
4533,1
15991,0
12958,1
4044,1
9948,0
13287,0
14999,0
4473,1
3372,0
7708,0
8457,1
3634,0
17206,0
1743,1
7677,0
6962,1
3517,1
16975,1
13847,0
17594,0
15963,0
13301,0
4604,1
3396,1
29,0
520,0
6013,0
131,1
7726,0
4643,0
7471,0
13126,1
8379,0
15974,1
16242,0
16974,1
10654,1
7536,1
5610,1
1979,0
5861,0
14962,0
15075,1
14855,0
14016,0
7316,1
3597,1
2201,0
6114,0
1579,1
4398,0
6335,0
6357,1
15747,0
16809,0
5843,0
16062,0
5642,0
6544,0
9238,0
15259,0
12101,0
17801,0
5066,0
6104,0
11900,1
2769,0
388,1
1953,0
10201,0
10353,1
13176,0
13582,1
315,1
2004,0
5224,1
413,0
11507,0
16902,0
3383,1
11872,1
15098,0
605,0
15,0
14149,0
9441,0
12403,0
3049,0
3952,1
16613,1
309,0
1483,0
1253,0
10951,1
11289,0
1149,0
14636,1
2517,1
10590,1
16727,1
12507,0
2128,1
702,0
1947,0
4866,0
14488,0
3842,0
8271,1
10220,1
1111,0
17441,0
1904,0
15870,0
637,0
248,0
2406,1
5377,0
696,1
17267,0
7793,0
15837,1
12636,0
2228,0
17118,0
9508,0
9073,0
70,1
11369,0
1178,1
6478,1
12787,1
16150,0
1891,0
4844,1
16132,0
12313,0
11330,0
15359,1
11068,0
12624,0
2089,0
17564,1
13813,1
4191,0
18238,0
2957,0
15732,0
5952,1
7695,0
6174,1
1083,0
13166,0
2853,0
14062,0
6793,1
7254,0
13204,0
944,0
10323,0
14941,1
13188,0
8626,1
17904,0
10588,1
6161,0
3328,1
14523,1
16074,0
15500,0
367,1
11198,0
6434,0
10876,1
18021,1
1152,1
17242,1
15324,1
9688,0
4313,1
16834,1
8483,1
8268,0
15085,1
2012,0
2615,1
17424,1
6181,0
10465,1
18273,0
16083,0
13463,0
184,0
13007,0
12745,1
10725,0
16703,1
10119,0
10768,0
14969,0
6529,1
9869,0
8909,0
13904,1
14861,0
592,0
13303,0
10034,1
15884,0
1028,1
8735,1
3925,1
14479,1
15967,1
538,1
16111,0
6424,0
11596,1
7434,0
12138,0
4905,0
15287,0
16570,0
14579,1
15209,1
2310,0
9781,0
12139,0
14524,0
17724,1
3455,1
6245,0
14202,0
8527,0
8978,1
8530,1
7717,0
15817,1
14944,1
6753,0
9143,0
4162,0
1765,0
11384,1
4536,1
10308,0
9810,0
16560,0
6442,0
16898,0
465,1
15716,0
1197,0
4209,0
10405,0
5123,0
17628,0
12407,0
12596,0
17111,1
9286,0
2531,1
15073,0
5568,0
4003,1
17077,1
16373,0
8188,0
2019,1
15264,0
7305,0
5846,1
17747,1
14804,0
13846,0
4111,1
13300,0
4486,1
1945,1
5169,0
15806,0
16763,0
2570,0
12456,0
7301,0
7499,0
10429,0
12092,1
5050,1
17596,0
8124,0
17821,1
6451,1
10529,1
4455,0
16586,1
3283,0
13433,1
15579,1
6224,0
10735,1
13741,1
10303,1
7908,0
7496,0
158,0
2452,1
1237,1
18137,1
2060,1
881,1
3307,0
15064,0
11306,0
4959,0
12433,1
133,1
4802,0
6886,0
10227,1
408,1
12113,0
10051,0
15948,1
2058,1
9051,0
7356,0
5098,1
14920,1
7337,1
2764,0
10679,0
12472,0
14086,0
4716,0
7076,0
2215,0
10262,0
3045,0
17970,0
1482,0
15803,1
5042,0
10510,1
2943,0
9849,0
6151,0
11224,0
13419,0
15442,1
14038,0
3693,1
2548,0
16178,0
7351,1
12674,1
17332,0
3469,0
12606,0
16810,1
14058,1
6561,0
8602,1
4064,0
14644,1
1858,1
9594,0
11099,0
4343,0
17060,0
10505,1
3355,1
16377,0
4030,1
17746,0
15537,0
15980,1
7914,0
14746,0
10977,0
18225,1
14938,0
15641,1
1057,1
17352,1
5613,0
17476,0
14035,1
872,0
16637,0
4015,1
4231,0
8254,1
11495,0
6933,0
3492,1
5885,0
5139,0
9253,1
9632,0
17551,1
5181,0
9624,1
1924,0
10624,1
8704,1
8664,0
1351,0
14105,0
5161,0
7207,0
866,0
3344,1
4301,0
8827,1
3533,1
2449,1
15529,0
4900,0
7781,0
9537,0
260,0
7652,1
12783,1
8692,1
9932,0
7113,1
11457,1
6634,0
2209,1
833,0
9647,1
13260,1
16880,0
8778,0
8631,0
898,0
8730,1
5271,1
8180,1
2417,0
15279,1
4676,0
2921,1
11480,0
2249,0
9725,1
3473,1
7790,1
11786,0
16877,0
10414,1
15179,0
12711,0
15856,0
2459,0
5293,0
13102,0
429,1
2966,0
14040,0
16410,0
6443,0
14438,0
17614,0
10932,1
13878,0
7571,0
8785,0
9098,0
3338,0
16477,0
14477,0
17488,0
15940,0
17161,1
8604,0
11764,1
6201,0
9567,1
4395,1
2903,0
6211,0
9418,0
5742,0
7981,0
13721,1
17006,1
9438,1
14504,0
620,1
1656,0
2628,1
14383,1
15955,1
11659,1
18171,0
15063,0
7238,0
1686,1
3881,0
5286,1
9564,1
4215,0
10608,1
11378,0
16397,0
5916,1
3322,0
1723,0
11765,0
6969,0
10007,0
3465,0
11326,1
10056,1
16519,0
13385,1
15813,0
7735,0
7650,0
16532,0
9451,0
6118,1
376,1
3460,1
7878,0
825,1
704,0
4012,1
2655,0
5477,0
4950,0
9870,0
8759,1
8620,0
9239,0
16005,0
9068,0
3442,0
8336,0
10865,1
6532,0
208,0
2337,1
8591,0
4872,0
3066,0
14573,1
13058,0
10306,0
3909,0
11194,0
11906,1
10383,1
16804,1
5172,1
1934,1
17126,1
4694,0
16205,0
5526,0
14606,0
2804,0
10440,0
15401,0
8589,0
461,0
16905,0
753,1
5746,1
9967,0
15738,1
15109,0
16518,1
4129,1
1049,1
17587,0
13312,1
10784,0
7486,1
8279,0
17834,1
12094,0
18247,0
10333,0
10316,0
15361,0
6180,1
908,1
15835,0
17536,0
2293,0
17720,0
1841,1
5651,0
3388,1
13580,0
4121,0
10052,1
1201,0
17213,0
111,0
16658,0
1701,1
13153,1
9153,0
8723,0
978,0
9409,1
12949,1
15838,0
13315,1
9680,0
12460,1
8117,1
4960,0
14612,0
15533,1
11727,1
15811,0
1408,0
10864,1
14165,0
8408,0
11598,1
17098,0
7507,0
3386,1
13740,0
7369,0
15985,0
4641,1
15232,0
11057,0
1614,1
17141,0
9394,0
10281,0
10067,0
6428,1
16366,0
16936,1
2366,1
17521,1
14219,0
13800,0
12528,1
10791,0
3996,0
15550,0
4913,0
3679,1
7414,0
9481,1
12591,1
13494,0
4106,0
12675,1
5858,0
216,0
17102,1
16322,0
5531,0
5511,1
11735,0
7800,1
4707,0
5608,0
13798,1
14827,1
12193,0
14968,0
6178,0
3804,0
14610,0
15515,1
10328,0
5076,0
5865,0
12422,1
6734,1
16031,1
1642,0
8554,1
763,0
9444,0
6074,0
13901,0
14324,0
16682,0
14893,1
17171,0
12843,0
7883,0
10746,0
2913,0
3351,0
2390,0
8756,0
16372,0
10823,0
17584,0
16731,0
1621,1
1202,1
11665,0
7463,0
8568,0
8063,1
2477,0
482,0
15127,1
16313,0
17721,0
5735,0
15758,1
8670,0
13247,0
7699,0
14652,0
17307,0
14004,0
3297,0
1126,0
12568,0
17938,0
12019,1
17830,0
10520,0
1669,1
9639,0
8930,0
9704,1
8902,0
15348,0
1295,1
9724,1
3898,0
8814,0
7757,0
15999,0
3312,0
479,0
1596,1
12401,0
9201,1
16024,0
8892,0
16528,0
13544,1
2487,1
5479,1
15541,1
8131,1
16793,1
15492,0
12864,0
13890,1
647,0
9059,1
3613,0
17489,0
6275,1
13603,0
1457,0
5715,1
6323,0
14723,0
11797,0
11497,0
8165,0
17093,1
8573,0
883,0
543,0
567,0
606,0
17874,1
10256,1
10652,0
17170,0
17674,0
3470,1
12848,0
6814,0
12824,1
741,1
12488,0
1977,1
16808,1
10240,0
2144,0
4457,0
7391,1
16354,0
4429,0
13632,0
14754,0
2286,0
5434,0
714,0
15971,1
15643,0
3914,1
13000,0
5508,0
7575,0
7809,0
3404,0
510,0
17265,0
11247,0
14951,0
13047,0
16022,1
839,0
12817,0
15141,0
5627,0
15729,0
5165,0
4839,0
4889,0
11983,1
9236,0
13607,1
4840,0
9173,0
11831,0
1142,0
3463,0
17430,0
3728,1
7767,0
7004,0
5461,1
8091,1
1801,1
4756,0
13249,0
7098,0
530,1
1540,1
15296,1
16864,0
1919,1
2753,1
17586,0
12684,1
3427,0
8157,0
10289,0
9093,0
1949,0
8645,0
9708,1
15926,1
16223,0
2412,0
12912,0
13653,1
4122,0
9422,1
10542,1
13504,1
1332,0
18029,1
16782,0
2876,0
5407,1
10302,0
10942,1
1077,1
14702,0
14268,0
10629,0
16817,0
9430,0
1183,1
7900,0
14450,1
10038,1
3060,1
3859,0
15821,1
288,0
13887,1
11160,1
16081,1
12967,0
3270,0
15383,1
9877,0
15174,0
3879,0
10670,0
2180,1
12479,0
9234,0
10989,1
11957,0
10889,0
13624,0
13205,0
12978,0
11904,1
9315,1
7091,0
12202,1
6908,1
9950,0
3694,0
6946,0
5743,1
11135,0
17290,0
12572,1
6778,0
14712,0
11359,1
17967,0
4356,0
185,0
863,1
8366,0
16889,1
4062,0
6504,0
9728,0
12240,1
8948,1
1415,0
17428,0
10569,0
6467,0
9859,0
2163,1
15233,0
15084,0
14883,1
14045,1
10780,0
12284,0
16043,1
17013,0
7590,0
1594,0
10063,1
10104,1
14367,0
8227,1
4772,1
7779,0
10317,0
5354,0
921,0
6804,0
4984,0
5278,1
6648,0
2205,0
14964,1
18184,1
15615,0
14847,0
981,0
2456,0
14963,1
17860,0
3685,1
6831,1
9780,1
13194,1
16946,1
8116,0
2331,0
14204,0
9814,0
14112,0
2898,1
15116,0
7859,0
4420,1
10607,0
2552,0
15699,1
15690,0
1665,1
9066,1
3837,1
2582,1
6977,0
16090,0
724,0
10496,1
14006,1
15966,0
9934,1
4685,0
3142,1
13498,1
15365,0
1811,0
9150,0
3527,0
1791,1
2633,0
4295,1
15619,1
12030,1
8482,0
14553,1
16698,1
9918,0
5040,0
2168,1
8958,1
3275,0
2333,1
1760,0
17375,0
16884,0
2945,1
8191,1
5975,0
9060,1
9115,0
9338,1
16451,1
5284,1
10543,0
9029,1
16557,0
14803,0
10387,1
4969,0
116,1
7681,1
14456,0
8076,0
15665,0
13342,1
12435,0
12442,0
14633,0
15477,1
1626,0
12695,1
6682,0
5333,0
7824,1
13096,0
10657,0
2280,0
12492,0
11419,1
4834,1
14585,0
979,0
3819,0
17833,0
9393,0
15113,0
9553,0
1179,0
1018,1
2955,0
8559,0
17228,0
11311,1
3371,1
2400,0
15697,0
11919,1
6006,1
3029,0
11506,1
11743,1
2075,0
5425,1
949,1
4496,1
13158,1
2991,0
9464,0
7554,0
7444,1
2067,1
5604,0
11934,0
8855,0
18239,1
5662,1
8883,1
11187,1
11866,0
17369,1
321,0
11673,0
12348,1
15933,1
16446,0
12090,0
6188,1
15805,0
7873,1
4630,0
4878,1
8955,1
4617,1
18152,0
4359,0
7040,0
15703,0
8907,0
8887,1
6021,0
3538,0
11825,1
5228,0
9389,0
17378,0
12286,0
16530,1
8637,0
3519,0
4227,0
252,1
18004,0
5163,0
3691,0
8660,0
8170,0
6187,0
7559,1
6393,0
6817,1
2619,0
5120,0
8878,0
1839,0
6385,0
5239,0
16655,0
12187,1
12888,0
16253,1
8441,0
10873,0
12023,0
6724,0
762,0
12608,0
110,0
2442,0
6390,1
6950,1
2754,0
11455,0
6692,0
9957,0
4077,1
15628,0
14618,0
17848,0
8914,0
12657,0
17980,0
245,0
15720,1
16833,0
15666,0
7007,1
10612,0
95,1
9970,0
14227,0
2611,0
11579,0
2818,1
9593,0
219,1
8619,0
9800,1
9047,0
2733,0
13009,0
7960,0
10026,0
2457,0
5771,0
2533,1
5703,1
16705,1
8247,0
17330,0
1972,1
6677,0
8485,0
7458,1
9857,0
7058,0
4791,1
10842,1
15050,0
15120,0
319,0
17226,1
16330,0
2375,0
3337,0
5910,1
13336,1
5913,1
5614,0
6535,0
5493,0
14156,1
18063,0
11619,1
330,0
1786,0
812,1
1978,0
3116,1
7624,1
16084,1
613,1
1282,0
10645,1
7315,0
8452,0
6158,1
9791,0
9611,0
14093,1
12832,0
14299,0
8768,0
16578,0
17080,0
9423,0
15021,0
15799,1
10598,1
9617,1
13365,1
3464,0
10407,1
3921,1
12086,0
16130,0
6292,1
4337,1
6125,1
513,1
7719,1
9707,1
15598,1
10349,0
8358,1
16324,1
3018,0
2692,1
5379,1
6057,0
12095,0
4742,0
12425,0
7180,0
10032,1
16056,0
6907,1
51,0
10986,0
2664,0
92,1
14934,1
12389,1
1731,1
4329,1
13617,0
12633,1
11249,1
2318,0
9332,0
10809,0
17062,1
12862,0
7293,0
10927,0
10926,0
1451,0
5340,0
3467,0
9502,1
17937,0
9392,1
15268,1
5351,1
2794,0
3869,1
17283,0
1943,0
8865,0
2593,0
9771,1
14970,1
15417,0
7524,0
7583,0
4526,0
11437,0
5304,0
9273,1
4520,0
15486,0
2992,0
6050,1
13857,1
5144,1
1511,0
11109,1
5635,1
18068,0
17249,1
9498,0
14654,0
1513,0
10027,0
12137,1
7018,0
2596,0
14751,1
573,1
843,0
11648,1
4556,0
7626,0
6505,1
15053,0
12292,1
5396,0
8796,0
12955,0
16109,0
68,1
16055,0
8396,1
15689,0
14221,1
11267,0
6959,0
1360,1
16715,0
5691,1
17191,1
6790,0
17458,0
14517,0
15752,0
9547,1
14458,1
4341,0
3017,0
11012,1
10855,0
4075,0
15848,0
8842,0
4768,0
15764,0
2115,0
15065,1
9894,0
10499,1
11517,0
14281,0
8260,0
6827,0
10388,0
12416,0
13235,0
1485,0
17427,0
6929,1
11396,0
9527,1
9176,0
15528,0
12218,1
5134,0
7744,0
17252,0
13552,1
9740,0
10154,0
12455,0
13572,0
2036,1
3065,1
5472,1
11210,1
6688,1
6109,0
13651,1
6375,0
11243,0
7201,0
1041,0
11710,0
8132,0
17994,1
1413,0
114,0
7627,1
4250,0
230,1
4404,0
7806,1
14274,0
2746,0
16221,0
10880,1
5813,0
14587,0
17278,0
1758,0
16484,1
17814,0
2703,0
3680,0
8387,1
4514,0
3598,1
12084,0
12995,0
8187,1
6278,1
10391,1
8673,0
16273,0
11236,0
6319,1
16562,0
14715,0
12148,1
8639,0
5101,0
9572,0
6377,0
7732,0
6491,1
17988,1
13696,1
1780,0
8048,0
11703,1
17139,1
3822,0
3795,0
16219,0
5886,0
16600,0
8115,1
9935,0
9773,1
11453,1
17351,0
3480,1
2055,0
5044,0
9264,0
8109,0
3838,1
16275,0
2304,1
6351,0
7991,0
12037,1
6148,1
14294,1
15954,1
16602,0
15920,1
13026,0
12881,0
7640,1
9048,0
12723,0
8823,1
12703,0
15681,0
16460,0
2984,0
8454,0
16030,0
2815,0
2046,0
11212,1
16247,0
4923,1
4826,0
10286,0
17771,1
2347,0
9920,0
10567,1
15193,1
17719,0
10688,1
13263,1
13932,0
1414,1
499,1
668,0
6157,1
3033,1
10044,0
15451,0
8348,0
10824,0
12761,0
5556,0
15584,0
3774,0
303,0
7303,0
1703,0
3834,0
8866,0
5896,0
9016,0
7247,1
1618,1
10901,0
12421,0
2924,0
3206,0
15861,0
4274,0
10261,0
5400,1
5196,0
16187,1
5723,0
17515,0
18056,1
9209,1
1950,0
7319,1
2736,0
16610,1
17394,1
8094,1
1068,1
3660,0
9210,0
10502,1
2470,0
15889,0
17862,0
4746,0
4649,0
14293,0
1265,0
4194,0
14343,0
2766,0
12753,0
3038,0
10315,0
12255,0
17920,1
582,0
11427,1
2896,0
13781,1
5032,0
12854,1
347,0
6625,0
2947,0
2260,0
18160,1
6277,1
10796,0
13827,0
13139,1
5143,1
15930,1
5880,1
4952,0
13442,0
1477,0
4252,0
180,0
7286,0
15362,1
16498,0
9289,1
13460,0
255,0
3912,1
15071,0
7093,0
9195,0
10575,0
4513,1
16113,0
2631,0
107,0
3717,0
4463,0
8610,1
416,0
14719,0
13908,0
15029,0
8843,1
11675,0
7473,1
2265,0
10639,0
6484,0
11496,1
6672,0
16909,1
5079,1
8910,1
12349,0
4606,0
14242,0
13458,1
16255,0
9679,1
17455,1
2621,0
2030,1
16474,0
39,0
5987,0
10835,0
13806,0
16728,0
3508,0
7810,0
10868,0
13124,1
2980,0
3437,0
8822,1
8337,1
5399,1
7562,0
3544,0
8725,0
2867,1
4442,1
10671,0
13924,1
15908,0
14418,1
4696,0
6454,0
7277,1
1878,0
5371,1
15244,0
16433,0
13396,0
3897,0
9999,1
3665,0
14344,1
2729,0
15564,0
11043,0
12566,0
6386,0
17301,1
7582,1
13909,1
3076,0
5678,1
7916,0
18095,0
6333,0
13864,0
6904,1
5932,0
10464,0
5297,0
2727,0
17529,0
15694,0
3836,0
36,1
17042,1
4187,0
675,1
3633,0
1555,1
3529,0
6398,1
3979,1
12536,1
7198,0
3708,0
12672,0
14332,0
13844,1
5775,0
12926,1
5384,0
16202,1
10489,0
3820,0
15176,0
17990,0
12670,1
8072,0
1746,1
7840,0
10522,1
8176,1
9657,0
1052,0
4038,0
5834,0
3405,1
3705,1
17795,0
3955,0
5352,1
3375,1
3428,1
8403,1
2507,0
18180,1
4681,0
16495,1
210,0
17179,1
14929,0
11286,0
4747,1
10075,0
13920,0
13317,1
11959,0
14256,0
10111,0
7638,0
1670,0
2320,1
3495,0
11341,1
10365,0
13816,0
13647,0
6387,0
14915,1
14615,0
9872,0
15675,1
15756,0
13895,0
484,0
6436,0
17377,1
11149,1
5828,1
14431,0
13400,0
5437,1
8939,1
1345,0
13509,0
9701,0
2640,0
1250,0
9671,0
15917,0
10821,0
5117,0
17284,1
8537,1
7515,0
10830,0
4861,1
2303,1
2652,0
14306,0
13643,0
4244,0
718,0
11662,1
14225,0
17685,1
7168,1
18250,0
16781,1
9693,1
13363,1
14630,0
738,1
9102,1
7585,0
14008,0
7918,1
13633,1
1973,1
2556,1
18003,0
5436,0
7907,0
267,0
16612,1
2770,0
13420,0
2329,0
11183,0
11019,1
9156,0
7177,1
1275,1
17706,1
9875,0
15852,0
4819,1
15802,1
7375,1
11651,0
8028,0
2264,0
318,1
1536,0
8144,1
15162,0
14176,0
1369,0
740,0
7513,0
7556,0
1188,1
2065,1
9113,0
10483,0
12893,0
8421,1
2527,0
16485,0
6223,0
3487,0
6044,1
8231,1
7898,0
15717,0
6607,1
8470,0
9656,0
15996,0
6077,0
1233,0
7782,1
8525,0
9124,1
6153,1
18242,0
12438,0
16980,1
13150,1
7696,0
16818,0
15185,0
3488,0
1291,0
4919,0
15030,1
17501,1
12663,1
14241,0
13687,0
8748,0
14886,0
11610,0
10812,0
17713,0
12807,0
562,0
16462,0
14864,1
10638,0
5765,0
10618,1
3702,0
17309,1
2407,0
4377,0
3611,1
16636,1
13162,1
15687,0
9952,1
2910,0
14049,0
13616,0
5734,0
16384,0
13793,1
5712,1
3166,0
17497,0
7285,1
14389,1
14164,0
15801,0
17115,1
2218,1
16209,0
1955,1
10446,0
1865,0
9931,0
13670,0
4786,0
1399,1
7121,0
13690,0
14525,0
14436,1
3068,0
15613,0
13073,0
2234,0
1112,1
14668,0
15737,1
5306,0
11858,0
16232,0
6334,0
4549,0
10722,1
16148,0
17859,1
15688,0
7885,1
10495,0
8406,0
3817,0
11315,1
13792,1
5327,0
6281,1
1434,0
18265,0
13782,1
15625,1
12136,1
16722,0
6586,0
9329,0
341,0
14001,0
16541,0
13558,0
13144,1
11025,1
7921,1
6347,0
15593,0
5473,0
3378,0
7958,0
5180,1
11007,1
2777,0
10908,1
428,0
1437,0
11335,0
12892,0
10961,0
6248,1
15912,1
8803,0
4692,1
18019,1
3478,0
6255,0
4504,0
7988,0
12482,1
16733,0
8141,1
65,1
7780,1
12766,0
13631,0
13470,0
12614,0
7132,1
9629,1
5045,0
7153,1
15095,0
2865,1
5364,0
8658,0
7886,0
7667,1
5113,1
14205,0
9504,1
6025,0
18237,0
1691,1
7333,0
12072,0
11682,1
1421,1
17903,0
13679,1
17656,0
819,0
4349,0
1660,0
7115,1
1843,1
15380,1
8621,0
12241,0
14602,0
4505,1
1285,0
8653,0
4303,1
7864,0
1941,1
17245,1
1091,0
8359,0
73,0
3397,1
17266,0
10761,1
4192,1
17374,0
16427,0
10723,1
10191,0
5064,1
4387,0
17870,0
8051,0
13952,1
8122,0
15659,0
14611,0
6185,1
782,0
5897,0
14088,0
3963,0
3937,0
17500,0
10285,1
8229,1
1110,1
4414,1
8040,1
11965,0
17437,1
8727,0
1825,1
3146,0
15682,0
3926,0
15204,0
144,0
12359,0
6192,1
15301,0
3514,0
12430,0
6071,0
8136,0
16820,0
8709,0
15318,0
15714,1
11325,1
16302,0
1830,1
12295,0
4181,0
15581,0
1219,0
8830,0
5957,0
7275,0
11823,0
13080,0
7784,0
9463,1
18138,0
1055,0
7698,1
594,1
8484,1
1525,0
8242,0
7723,1
8510,0
5824,1
15591,0
4702,1
14368,0
17552,0
10125,1
8010,0
8805,0
13100,1
14667,0
8903,0
7341,0
17701,1
5382,1
14547,0
11028,0
13389,0
4974,1
13062,1
81,1
7042,1
7363,0
532,0
958,1
472,0
9585,1
2290,1
6609,1
14514,1
13322,0
7753,0
14950,0
15250,1
12379,1
2899,1
8545,0
12976,0
3954,1
4403,1
12769,0
16426,0
16204,0
15546,0
13041,0
13202,0
9328,1
6857,0
5353,0
13388,0
4587,0
13819,1
14848,1
14097,1
7488,1
16316,0
11885,1
9303,0
11685,0
14836,0
9507,0
10549,0
3724,1
1264,1
4867,0
6733,0
4600,1
18129,0
10413,0
10170,0
5100,0
4371,1
11124,0
8204,0
4374,1
1272,1
4087,0
8944,0
18235,1
10726,0
5770,0
1897,1
16317,0
6813,1
10274,1
6355,0
6641,0
18126,0
17877,0
1458,1
16442,0
13815,0
2529,0
16823,0
3761,0
3585,0
6922,1
715,0
16927,0
16258,0
16914,0
1118,0
16998,1
1287,0
5557,1
13581,0
7897,0
7852,0
2316,1
1417,1
9716,0
8139,0
18127,0
15874,0
10126,0
6234,1
994,1
9325,0
4292,0
7443,0
8025,0
2636,1
14557,1
296,0
1864,0
12235,0
