TransactionNumber,IsFraud
1,0
2,0
3,1
4,1
5,0
6,1
7,1
8,1
9,1
10,0
11,0
12,0
13,0
14,1
15,1
16,0
17,1
18,1
19,1
20,1
21,1
22,0
23,0
24,0
25,1
26,1
27,0
28,1
29,1
30,1
31,0
32,1
33,0
34,0
35,0
36,1
37,0
38,1
39,1
40,0
41,0
42,1
43,1
44,0
45,0
46,1
47,0
48,1
49,1
50,1
51,0
52,1
53,1
54,0
55,1
56,1
57,0
58,0
59,0
60,0
61,0
62,1
63,0
64,1
65,1
66,0
67,0
68,0
69,0
70,1
71,1
72,1
73,0
74,0
75,1
76,1
77,0
78,1
79,0
80,1
81,0
82,1
83,0
84,1
85,1
86,1
87,0
88,1
89,0
90,0
91,1
92,0
93,1
94,0
95,1
96,0
97,0
98,1
99,1
100,1
101,1
102,1
103,1
104,1
105,1
106,1
107,1
108,1
109,0
110,0
111,1
112,0
113,0
114,1
115,0
116,0
117,1
118,0
119,0
120,0
121,1
122,1
123,1
124,0
125,1
126,1
127,1
128,1
129,1
130,0
131,1
132,0
133,1
134,0
135,0
136,0
137,0
138,1
139,0
140,1
141,0
142,1
143,1
144,0
145,0
146,0
147,0
148,1
149,0
150,0
151,0
152,0
153,0
154,1
155,0
156,0
157,1
158,1
159,1
160,1
161,0
162,0
163,0
164,1
165,0
166,1
167,1
168,1
169,1
170,0
171,1
172,0
173,0
174,1
175,1
176,1
177,1
178,1
179,1
180,0
181,0
182,1
183,0
184,1
185,1
186,1
187,1
188,1
189,1
190,0
191,0
192,0
193,0
194,1
195,1
196,1
197,1
198,0
199,0
200,1
201,0
202,0
203,1
204,0
205,1
206,1
207,0
208,1
209,1
210,0
211,1
212,0
213,1
214,1
215,1
216,0
217,1
218,0
219,1
220,1
221,0
222,0
223,1
224,0
225,1
226,1
227,1
228,0
229,0
230,0
231,1
232,0
233,1
234,1
235,0
236,1
237,1
238,1
239,1
240,0
241,0
242,0
243,1
244,0
245,1
246,1
247,0
248,0
249,1
250,1
251,1
252,1
253,1
254,1
255,1
256,0
257,0
258,0
259,1
260,0
261,1
262,0
263,0
264,0
265,1
266,0
267,1
268,0
269,0
270,1
271,0
272,0
273,1
274,1
275,0
276,1
277,1
278,1
279,0
280,1
281,1
282,1
283,1
284,0
285,1
286,1
287,0
288,1
289,0
290,1
291,1
292,0
293,1
294,0
295,0
296,0
297,0
298,0
299,1
300,1
301,1
302,1
303,0
304,1
305,0
306,0
307,1
308,0
309,0
310,1
311,0
312,0
313,1
314,0
315,0
316,0
317,0
318,1
319,1
320,1
321,1
322,1
323,0
324,1
325,0
326,0
327,0
328,0
329,0
330,1
331,1
332,1
333,1
334,1
335,0
336,0
337,1
338,1
339,1
340,0
341,0
342,1
343,1
344,0
345,1
346,0
347,1
348,0
349,1
350,1
351,1
352,1
353,1
354,1
355,0
356,1
357,0
358,1
359,1
360,0
361,0
362,1
363,0
364,0
365,0
366,0
367,1
368,0
369,0
370,0
371,1
372,0
373,0
374,1
375,0
376,1
377,0
378,1
379,0
380,1
381,0
382,1
383,0
384,0
385,0
386,1
387,0
388,1
389,1
390,0
391,1
392,0
393,0
394,1
395,1
396,0
397,0
398,0
399,0
400,0
401,0
402,1
403,1
404,0
405,1
406,1
407,1
408,0
409,0
410,0
411,0
412,0
413,1
414,0
415,0
416,0
417,0
418,1
419,0
420,0
421,1
422,1
423,0
424,0
425,0
426,0
427,1
428,0
429,0
430,0
431,1
432,0
433,1
434,1
435,0
436,1
437,0
438,0
439,0
440,0
441,1
442,0
443,0
444,1
445,1
446,1
447,1
448,0
449,1
450,0
451,0
452,1
453,0
454,0
455,1
456,0
457,1
458,1
459,0
460,0
461,0
462,0
463,0
464,0
465,1
466,1
467,1
468,1
469,0
470,0
471,1
472,1
473,1
474,0
475,1
476,0
477,1
478,0
479,1
480,1
481,1
482,1
483,0
484,0
485,1
486,1
487,0
488,1
489,1
490,0
491,1
492,0
493,0
494,1
495,0
496,1
497,0
498,0
499,1
500,1
501,0
502,1
503,0
504,1
505,0
506,0
507,1
508,1
509,1
510,0
511,1
512,1
513,0
514,1
515,0
516,1
517,0
518,0
519,1
520,1
521,0
522,0
523,1
524,0
525,0
526,0
527,1
528,1
529,0
530,1
531,0
532,1
533,1
534,1
535,1
536,1
537,1
538,0
539,0
540,1
541,0
542,1
543,0
544,1
545,0
546,1
547,1
548,1
549,1
550,1
551,1
552,0
553,1
554,0
555,0
556,1
557,1
558,0
559,1
560,1
561,0
562,1
563,0
564,1
565,1
566,1
567,1
568,0
569,0
570,1
571,1
572,1
573,1
574,0
575,0
576,0
577,0
578,1
579,0
580,0
581,0
582,0
583,1
584,1
585,0
586,0
587,0
588,1
589,1
590,0
591,0
592,1
593,1
594,0
595,0
596,0
597,0
598,0
599,1
600,0
601,1
602,1
603,1
604,0
605,0
606,1
607,0
608,1
609,0
610,0
611,1
612,1
613,0
614,1
615,0
616,0
617,1
618,0
619,1
620,1
621,1
622,0
623,1
624,0
625,1
626,0
627,0
628,0
629,0
630,1
631,0
632,0
633,1
634,1
635,1
636,0
637,0
638,0
639,0
640,1
641,0
642,1
643,1
644,0
645,0
646,1
647,0
648,0
649,0
650,0
651,1
652,1
653,1
654,0
655,0
656,1
657,1
658,0
659,0
660,0
661,0
662,0
663,1
664,1
665,1
666,0
667,0
668,1
669,1
670,1
671,1
672,0
673,1
674,0
675,1
676,0
677,0
678,1
679,0
680,1
681,1
682,1
683,1
684,1
685,1
686,0
687,1
688,0
689,0
690,1
691,0
692,0
693,1
694,0
695,1
696,0
697,0
698,0
699,1
700,1
701,1
702,1
703,1
704,1
705,0
706,0
707,1
708,1
709,0
710,1
711,1
712,1
713,0
714,0
715,1
716,0
717,0
718,0
719,1
720,0
721,0
722,1
723,1
724,1
725,0
726,1
727,1
728,0
729,1
730,1
731,1
732,0
733,1
734,1
735,0
736,1
737,1
738,1
739,0
740,1
741,1
742,0
743,0
744,1
745,0
746,0
747,1
748,0
749,1
750,1
751,1
752,1
753,1
754,1
755,0
756,1
757,1
758,1
759,0
760,1
761,1
762,0
763,1
764,0
765,1
766,1
767,1
768,0
769,0
770,1
771,0
772,0
773,0
774,1
775,1
776,0
777,0
778,1
779,1
780,1
781,1
782,0
783,0
784,0
785,0
786,0
787,1
788,0
789,1
790,1
791,1
792,0
793,0
794,0
795,1
796,1
797,1
798,0
799,1
800,0
801,0
802,1
803,0
804,0
805,1
806,0
807,0
808,1
809,0
810,0
811,0
812,1
813,1
814,1
815,1
816,0
817,1
818,0
819,1
820,0
821,1
822,1
823,0
824,0
825,1
826,1
827,0
828,0
829,0
830,0
831,1
832,0
833,0
834,0
835,0
836,0
837,1
838,0
839,0
840,0
841,0
842,1
843,1
844,0
845,0
846,1
847,0
848,1
849,0
850,1
851,0
852,1
853,0
854,1
855,1
856,0
857,1
858,0
859,1
860,1
861,1
862,0
863,1
864,1
865,1
866,0
867,0
868,0
869,1
870,0
871,1
872,1
873,1
874,1
875,1
876,0
877,0
878,0
879,1
880,1
881,1
882,0
883,0
884,0
885,1
886,1
887,0
888,0
889,1
890,1
891,1
892,0
893,0
894,0
895,1
896,1
897,0
898,1
899,0
900,0
901,0
902,1
903,0
904,0
905,0
906,1
907,1
908,1
909,0
910,0
911,1
912,0
913,0
914,0
915,1
916,0
917,0
918,0
919,1
920,0
921,0
922,1
923,0
924,1
925,0
926,1
927,1
928,0
929,0
930,0
931,1
932,1
933,1
934,1
935,1
936,1
937,0
938,0
939,1
940,0
941,0
942,1
943,0
944,1
945,1
946,0
947,1
948,1
949,1
950,0
951,1
952,0
953,0
954,1
955,1
956,0
957,0
958,1
959,1
960,1
961,1
962,1
963,0
964,0
965,1
966,0
967,0
968,1
969,0
970,0
971,0
972,0
973,0
974,0
975,1
976,0
977,0
978,0
979,1
980,0
981,1
982,0
983,0
984,1
985,1
986,0
987,0
988,0
989,1
990,0
991,1
992,0
993,1
994,0
995,1
996,0
997,0
998,0
999,1
1000,0
1001,0
1002,0
1003,1
1004,1
1005,1
1006,1
1007,0
1008,1
1009,1
1010,1
1011,0
1012,0
1013,1
1014,0
1015,1
1016,1
1017,1
1018,1
1019,1
1020,1
1021,0
1022,1
1023,1
1024,1
1025,1
1026,0
1027,1
1028,0
1029,1
1030,0
1031,0
1032,0
1033,0
1034,0
1035,0
1036,1
1037,0
1038,1
1039,0
1040,0
1041,1
1042,1
1043,0
1044,0
1045,0
1046,0
1047,1
1048,1
1049,0
1050,0
1051,0
1052,1
1053,1
1054,1
1055,0
1056,0
1057,0
1058,1
1059,0
1060,0
1061,1
1062,1
1063,0
1064,0
1065,1
1066,0
1067,0
1068,0
1069,1
1070,1
1071,1
1072,1
1073,1
1074,1
1075,1
1076,1
1077,1
1078,0
1079,1
1080,1
1081,0
1082,0
1083,0
1084,1
1085,0
1086,1
1087,1
1088,0
1089,1
1090,0
1091,0
1092,0
1093,1
1094,1
1095,0
1096,1
1097,1
1098,0
1099,0
1100,0
1101,1
1102,0
1103,0
1104,1
1105,1
1106,0
1107,1
1108,1
1109,1
1110,1
1111,0
1112,0
1113,0
1114,1
1115,1
1116,1
1117,0
1118,0
1119,0
1120,0
1121,1
1122,1
1123,1
1124,1
1125,0
1126,0
1127,0
1128,0
1129,0
1130,1
1131,0
1132,1
1133,1
1134,1
1135,1
1136,0
1137,0
1138,1
1139,1
1140,1
1141,1
1142,0
1143,1
1144,1
1145,0
1146,0
1147,1
1148,0
1149,0
1150,0
1151,0
1152,1
1153,0
1154,1
1155,0
1156,1
1157,1
1158,1
1159,1
1160,1
1161,1
1162,1
1163,1
1164,1
1165,1
1166,1
1167,0
1168,1
1169,1
1170,0
1171,0
1172,0
1173,1
1174,0
1175,1
1176,0
1177,1
1178,0
1179,1
1180,1
1181,0
1182,1
1183,1
1184,1
1185,1
1186,1
1187,1
1188,0
1189,0
1190,0
1191,0
1192,0
1193,0
1194,0
1195,0
1196,1
1197,1
1198,0
1199,0
1200,1
1201,0
1202,1
1203,1
1204,1
1205,0
1206,0
1207,0
1208,1
1209,1
1210,1
1211,1
1212,1
1213,1
1214,1
1215,0
1216,1
1217,0
1218,1
1219,1
1220,1
1221,0
1222,1
1223,1
1224,0
1225,0
1226,1
1227,0
1228,1
1229,1
1230,1
1231,1
1232,0
1233,0
1234,1
1235,1
1236,1
1237,0
1238,0
1239,0
1240,0
1241,0
1242,0
1243,0
1244,0
1245,1
1246,1
1247,1
1248,1
1249,1
1250,1
1251,0
1252,1
1253,0
1254,0
1255,1
1256,1
1257,0
1258,1
1259,0
1260,1
1261,1
1262,0
1263,0
1264,1
1265,0
1266,0
1267,0
1268,1
1269,1
1270,0
1271,1
1272,0
1273,1
1274,0
1275,1
1276,1
1277,0
1278,1
1279,0
1280,0
1281,0
1282,1
1283,0
1284,1
1285,0
1286,1
1287,0
1288,0
1289,0
1290,1
1291,1
1292,0
1293,0
1294,1
1295,0
1296,1
1297,0
1298,0
1299,1
1300,0
1301,0
1302,1
1303,1
1304,1
1305,0
1306,0
1307,0
1308,0
1309,0
1310,0
1311,0
1312,0
1313,0
1314,1
1315,1
1316,0
1317,1
1318,1
1319,0
1320,0
1321,0
1322,1
1323,0
1324,0
1325,1
1326,1
1327,1
1328,1
1329,0
1330,1
1331,1
1332,0
1333,1
1334,1
1335,1
1336,1
1337,1
1338,1
1339,1
1340,0
1341,1
1342,0
1343,0
1344,1
1345,0
1346,1
1347,0
1348,1
1349,1
1350,1
1351,0
1352,0
1353,0
1354,0
1355,0
1356,1
1357,0
1358,0
1359,1
1360,0
1361,0
1362,0
1363,1
1364,1
1365,1
1366,1
1367,1
1368,0
1369,1
1370,0
1371,0
1372,0
1373,1
1374,0
1375,0
1376,1
1377,0
1378,0
1379,1
1380,1
1381,1
1382,0
1383,1
1384,1
1385,0
1386,0
1387,1
1388,0
1389,0
1390,0
1391,1
1392,1
1393,1
1394,0
1395,0
1396,1
1397,0
1398,1
1399,0
1400,0
1401,0
1402,0
1403,1
1404,0
1405,0
1406,0
1407,1
1408,0
1409,0
1410,0
1411,0
1412,1
1413,0
1414,0
1415,0
1416,1
1417,0
1418,0
1419,1
1420,1
1421,0
1422,1
1423,1
1424,1
1425,0
1426,0
1427,1
1428,1
1429,1
1430,1
1431,0
1432,1
1433,1
1434,1
1435,0
1436,1
1437,0
1438,1
1439,0
1440,0
1441,1
1442,0
1443,1
1444,1
1445,1
1446,1
1447,1
1448,0
1449,0
1450,0
1451,0
1452,1
1453,1
1454,0
1455,1
1456,1
1457,0
1458,1
1459,0
1460,1
1461,0
1462,0
1463,0
1464,1
1465,1
1466,0
1467,0
1468,1
1469,1
1470,0
1471,0
1472,1
1473,0
1474,1
1475,1
1476,1
1477,0
1478,0
1479,0
1480,0
1481,0
1482,0
1483,0
1484,1
1485,1
1486,1
1487,0
1488,1
1489,0
1490,1
1491,0
1492,0
1493,0
1494,1
1495,1
1496,1
1497,1
1498,0
1499,0
1500,1
1501,1
1502,1
1503,1
1504,0
1505,1
1506,1
1507,1
1508,0
1509,1
1510,0
1511,0
1512,1
1513,0
1514,0
1515,0
1516,1
1517,1
1518,1
1519,0
1520,1
1521,1
1522,0
1523,1
1524,1
1525,1
1526,0
1527,1
1528,1
1529,0
1530,1
1531,1
1532,0
1533,1
1534,1
1535,0
1536,0
1537,0
1538,0
1539,1
1540,0
1541,1
1542,0
1543,1
1544,1
1545,1
1546,0
1547,1
1548,0
1549,1
1550,0
1551,0
1552,0
1553,0
1554,0
1555,0
1556,1
1557,1
1558,0
1559,0
1560,1
1561,0
1562,1
1563,0
1564,0
1565,1
1566,1
1567,1
1568,0
1569,1
1570,1
1571,0
1572,1
1573,0
1574,1
1575,0
1576,0
1577,0
1578,1
1579,1
1580,0
1581,1
1582,1
1583,0
1584,0
1585,0
1586,0
1587,0
1588,1
1589,0
1590,1
1591,0
1592,0
1593,0
1594,0
1595,0
1596,0
1597,1
1598,1
1599,1
1600,0
1601,1
1602,0
1603,1
1604,0
1605,1
1606,0
1607,0
1608,0
1609,1
1610,0
1611,1
1612,1
1613,1
1614,0
1615,0
1616,1
1617,1
1618,0
1619,0
1620,0
1621,0
1622,0
1623,1
1624,0
1625,1
1626,1
1627,1
1628,0
1629,0
1630,1
1631,0
1632,0
1633,1
1634,0
1635,0
1636,0
1637,0
1638,0
1639,1
1640,0
1641,1
1642,0
1643,1
1644,0
1645,0
1646,1
1647,1
1648,1
1649,1
1650,1
1651,1
1652,0
1653,1
1654,0
1655,0
1656,1
1657,1
1658,1
1659,1
1660,1
1661,1
1662,1
1663,1
1664,1
1665,0
1666,1
1667,0
1668,1
1669,1
1670,1
1671,1
1672,1
1673,0
1674,0
1675,0
1676,1
1677,0
1678,0
1679,1
1680,1
1681,0
1682,0
1683,0
1684,1
1685,1
1686,0
1687,1
1688,1
1689,0
1690,1
1691,0
1692,1
1693,0
1694,0
1695,1
1696,1
1697,0
1698,1
1699,0
1700,0
1701,1
1702,1
1703,1
1704,1
1705,1
1706,0
1707,0
1708,0
1709,0
1710,1
1711,1
1712,1
1713,0
1714,1
1715,1
1716,0
1717,0
1718,0
1719,1
1720,1
1721,0
1722,0
1723,0
1724,1
1725,1
1726,1
1727,0
1728,1
1729,1
1730,0
1731,0
1732,1
1733,1
1734,0
1735,1
1736,1
1737,0
1738,0
1739,1
1740,0
1741,1
1742,1
1743,0
1744,0
1745,0
1746,0
1747,1
1748,0
1749,1
1750,1
1751,0
1752,0
1753,0
1754,1
1755,0
1756,0
1757,0
1758,0
1759,1
1760,0
1761,0
1762,1
1763,1
1764,1
1765,1
1766,0
1767,1
1768,0
1769,1
1770,1
1771,1
1772,1
1773,0
1774,0
1775,0
1776,0
1777,0
1778,1
1779,1
1780,1
1781,1
1782,0
1783,1
1784,0
1785,1
1786,1
1787,1
1788,1
1789,1
1790,1
1791,1
1792,1
1793,1
1794,0
1795,1
1796,0
1797,1
1798,0
1799,1
1800,1
1801,1
1802,1
1803,0
1804,0
1805,1
1806,0
1807,1
1808,1
1809,1
1810,1
1811,1
1812,0
1813,0
1814,0
1815,1
1816,0
1817,1
1818,1
1819,1
1820,1
1821,0
1822,1
1823,1
1824,0
1825,1
1826,1
1827,1
1828,0
1829,0
1830,1
1831,0
1832,0
1833,0
1834,1
1835,0
1836,1
1837,0
1838,1
1839,0
1840,1
1841,0
1842,0
1843,0
1844,1
1845,0
1846,0
1847,0
1848,1
1849,1
1850,0
1851,0
1852,1
1853,0
1854,0
1855,1
1856,0
1857,1
1858,0
1859,1
1860,1
1861,1
1862,0
1863,1
1864,1
1865,0
1866,0
1867,0
1868,0
1869,0
1870,0
1871,0
1872,1
1873,0
1874,1
1875,0
1876,0
1877,0
1878,0
1879,1
1880,0
1881,1
1882,1
1883,1
1884,1
1885,1
1886,1
1887,1
1888,1
1889,1
1890,1
1891,1
1892,0
1893,1
1894,0
1895,0
1896,1
1897,1
1898,0
1899,0
1900,1
1901,1
1902,1
1903,0
1904,0
1905,0
1906,0
1907,1
1908,1
1909,0
1910,0
1911,0
1912,1
1913,0
1914,1
1915,1
1916,0
1917,0
1918,1
1919,0
1920,0
1921,1
1922,0
1923,0
1924,0
1925,1
1926,0
1927,0
1928,0
1929,1
1930,1
1931,1
1932,0
1933,0
1934,0
1935,0
1936,0
1937,0
1938,0
1939,0
1940,1
1941,1
1942,0
1943,0
1944,0
1945,0
1946,1
1947,1
1948,1
1949,0
1950,0
1951,0
1952,0
1953,0
1954,0
1955,0
1956,0
1957,1
1958,0
1959,0
1960,0
1961,0
1962,0
1963,0
1964,0
1965,0
1966,0
1967,0
1968,1
1969,0
1970,1
1971,0
1972,1
1973,1
1974,1
1975,1
1976,0
1977,0
1978,0
1979,0
1980,0
1981,1
1982,1
1983,0
1984,0
1985,0
1986,0
1987,0
1988,1
1989,0
1990,0
1991,1
1992,0
1993,0
1994,1
1995,1
1996,0
1997,1
1998,1
1999,0
2000,1
2001,0
2002,0
2003,0
2004,0
2005,1
2006,1
2007,1
2008,0
2009,0
2010,0
2011,0
2012,0
2013,1
2014,1
2015,0
2016,1
2017,0
2018,0
2019,0
2020,0
2021,0
2022,0
2023,1
2024,1
2025,1
2026,1
2027,0
2028,0
2029,1
2030,0
2031,0
2032,1
2033,0
2034,1
2035,0
2036,1
2037,1
2038,0
2039,0
2040,1
2041,0
2042,1
2043,1
2044,1
2045,0
2046,0
2047,1
2048,1
2049,0
2050,0
2051,0
2052,0
2053,1
2054,0
2055,0
2056,1
2057,1
2058,1
2059,1
2060,0
2061,1
2062,0
2063,1
2064,1
2065,1
2066,1
2067,1
2068,1
2069,1
2070,0
2071,0
2072,1
2073,0
2074,1
2075,0
2076,1
2077,0
2078,0
2079,1
2080,0
2081,0
2082,0
2083,1
2084,0
2085,0
2086,0
2087,1
2088,0
2089,0
2090,1
2091,1
2092,0
2093,0
2094,0
2095,0
2096,0
2097,1
2098,0
2099,1
2100,1
2101,0
2102,1
2103,0
2104,0
2105,0
2106,1
2107,0
2108,0
2109,0
2110,0
2111,0
2112,1
2113,0
2114,0
2115,0
2116,0
2117,0
2118,1
2119,0
2120,0
2121,0
2122,1
2123,0
2124,1
2125,1
2126,0
2127,1
2128,1
2129,1
2130,1
2131,0
2132,0
2133,1
2134,0
2135,1
2136,1
2137,0
2138,1
2139,0
2140,1
2141,0
2142,0
2143,0
2144,0
2145,0
2146,1
2147,0
2148,0
2149,1
2150,1
2151,0
2152,0
2153,0
2154,1
2155,1
2156,0
2157,1
2158,0
2159,1
2160,0
2161,0
2162,1
2163,0
2164,1
2165,0
2166,1
2167,1
2168,1
2169,1
2170,1
2171,1
2172,0
2173,0
2174,1
2175,1
2176,1
2177,1
2178,0
2179,0
2180,0
2181,0
2182,1
2183,0
2184,0
2185,1
2186,1
2187,0
2188,0
2189,1
2190,1
2191,1
2192,1
2193,1
2194,0
2195,1
2196,1
2197,0
2198,1
2199,0
2200,1
2201,1
2202,1
2203,1
2204,0
2205,0
2206,1
2207,1
2208,1
2209,1
2210,1
2211,1
2212,0
2213,0
2214,0
2215,0
2216,1
2217,1
2218,0
2219,1
2220,1
2221,0
2222,1
2223,0
2224,1
2225,0
2226,1
2227,0
2228,1
2229,0
2230,1
2231,0
2232,1
2233,1
2234,0
2235,1
2236,0
2237,1
2238,1
2239,1
2240,1
2241,1
2242,0
2243,0
2244,0
2245,0
2246,0
2247,0
2248,0
2249,1
2250,1
2251,0
2252,0
2253,1
2254,1
2255,1
2256,0
2257,0
2258,0
2259,1
2260,1
2261,0
2262,1
2263,1
2264,0
2265,0
2266,0
2267,0
2268,1
2269,0
2270,0
2271,0
2272,0
2273,1
2274,0
2275,0
2276,1
2277,1
2278,0
2279,1
2280,0
2281,0
2282,0
2283,0
2284,0
2285,1
2286,0
2287,0
2288,0
2289,0
2290,1
2291,0
2292,0
2293,1
2294,0
2295,0
2296,0
2297,0
2298,0
2299,0
2300,0
2301,0
2302,0
2303,1
2304,1
2305,1
2306,0
2307,1
2308,1
2309,0
2310,1
2311,1
2312,1
2313,1
2314,1
2315,1
2316,1
2317,1
2318,0
2319,0
2320,0
2321,1
2322,1
2323,1
2324,1
2325,1
2326,1
2327,1
2328,0
2329,1
2330,1
2331,0
2332,1
2333,0
2334,0
2335,1
2336,0
2337,0
2338,1
2339,1
2340,1
2341,1
2342,1
2343,0
2344,0
2345,0
2346,1
2347,0
2348,0
2349,0
2350,0
2351,1
2352,0
2353,0
2354,1
2355,1
2356,0
2357,0
2358,0
2359,0
2360,1
2361,0
2362,1
2363,0
2364,0
2365,1
2366,1
2367,1
2368,0
2369,0
2370,0
2371,1
2372,1
2373,0
2374,0
2375,0
2376,0
2377,1
2378,0
2379,0
2380,0
2381,0
2382,1
2383,1
2384,1
2385,1
2386,0
2387,1
2388,1
2389,0
2390,0
2391,1
2392,0
2393,1
2394,0
2395,0
2396,0
2397,0
2398,1
2399,1
2400,0
2401,1
2402,1
2403,1
2404,1
2405,0
2406,1
2407,0
2408,1
2409,0
2410,1
2411,1
2412,1
2413,0
2414,1
2415,0
2416,1
2417,1
2418,1
2419,1
2420,0
2421,0
2422,0
2423,1
2424,0
2425,0
2426,1
2427,0
2428,1
2429,0
2430,0
2431,1
2432,1
2433,0
2434,1
2435,1
2436,0
2437,0
2438,0
2439,1
2440,1
2441,0
2442,1
2443,0
2444,1
2445,1
2446,1
2447,0
2448,1
2449,1
2450,1
2451,1
2452,1
2453,1
2454,0
2455,1
2456,0
2457,0
2458,1
2459,1
2460,0
2461,1
2462,1
2463,1
2464,0
2465,0
2466,1
2467,0
2468,0
2469,0
2470,1
2471,1
2472,1
2473,1
2474,1
2475,0
2476,0
2477,0
2478,1
2479,1
2480,0
2481,1
2482,1
2483,0
2484,0
2485,0
2486,0
2487,0
2488,1
2489,0
2490,1
2491,0
2492,1
2493,0
2494,0
2495,0
2496,1
2497,0
2498,1
2499,1
2500,1
2501,0
2502,0
2503,1
2504,0
2505,1
2506,0
2507,0
2508,1
2509,0
2510,0
2511,0
2512,0
2513,1
2514,1
2515,0
2516,0
2517,0
2518,0
2519,0
2520,1
2521,1
2522,1
2523,1
2524,0
2525,1
2526,0
2527,0
2528,0
2529,1
2530,0
2531,1
2532,0
2533,1
2534,1
2535,1
2536,0
2537,1
2538,1
2539,0
2540,0
2541,1
2542,1
2543,1
2544,1
2545,0
2546,1
2547,1
2548,0
2549,1
2550,0
2551,0
2552,0
2553,1
2554,1
2555,0
2556,0
2557,0
2558,1
2559,1
2560,0
2561,1
2562,0
2563,1
2564,0
2565,0
2566,0
2567,0
2568,1
2569,1
2570,0
2571,1
2572,1
2573,0
2574,1
2575,1
2576,1
2577,1
2578,0
2579,0
2580,0
2581,1
2582,0
2583,0
2584,1
2585,1
2586,0
2587,0
2588,1
2589,0
2590,0
2591,0
2592,0
2593,1
2594,1
2595,0
2596,1
2597,1
2598,0
2599,0
2600,1
2601,0
2602,0
2603,1
2604,1
2605,0
2606,1
2607,0
2608,1
2609,1
2610,0
2611,1
2612,0
2613,1
2614,0
2615,1
2616,0
2617,0
2618,0
2619,1
2620,1
2621,1
2622,0
2623,0
2624,1
2625,0
2626,0
2627,0
2628,1
2629,0
2630,1
2631,1
2632,0
2633,0
2634,0
2635,1
2636,0
2637,0
2638,0
2639,0
2640,1
2641,1
2642,0
2643,1
2644,1
2645,1
2646,1
2647,0
2648,0
2649,0
2650,1
2651,0
2652,1
2653,0
2654,1
2655,0
2656,0
2657,1
2658,0
2659,1
2660,0
2661,0
2662,1
2663,0
2664,1
2665,1
2666,1
2667,0
2668,0
2669,0
2670,1
2671,1
2672,0
2673,1
2674,1
2675,1
2676,1
2677,1
2678,0
2679,0
2680,1
2681,1
2682,0
2683,1
2684,0
2685,0
2686,0
2687,0
2688,1
2689,1
2690,0
2691,0
2692,0
2693,0
2694,0
2695,1
2696,0
2697,1
2698,0
2699,1
2700,1
2701,0
2702,0
2703,0
2704,1
2705,1
2706,1
2707,0
2708,0
2709,0
2710,0
2711,1
2712,0
2713,1
2714,1
2715,1
2716,1
2717,1
2718,1
2719,1
2720,1
2721,1
2722,0
2723,1
2724,1
2725,0
2726,1
2727,1
2728,1
2729,0
2730,0
2731,0
2732,1
2733,0
2734,0
2735,0
2736,0
2737,1
2738,1
2739,0
2740,1
2741,1
2742,0
2743,0
2744,1
2745,1
2746,0
2747,1
2748,1
2749,1
2750,1
2751,0
2752,0
2753,1
2754,1
2755,1
2756,0
2757,1
2758,1
2759,1
2760,0
2761,0
2762,0
2763,1
2764,1
2765,1
2766,0
2767,0
2768,1
2769,1
2770,0
2771,1
2772,0
2773,0
2774,0
2775,0
2776,1
2777,0
2778,0
2779,0
2780,1
2781,1
2782,0
2783,1
2784,1
2785,0
2786,0
2787,1
2788,0
2789,0
2790,1
2791,0
2792,1
2793,0
2794,0
2795,0
2796,1
2797,1
2798,0
2799,0
2800,1
2801,1
2802,1
2803,1
2804,1
2805,1
2806,0
2807,1
2808,0
2809,0
2810,1
2811,0
2812,0
2813,1
2814,1
2815,0
2816,1
2817,1
2818,1
2819,0
2820,0
2821,0
2822,0
2823,0
2824,1
2825,1
2826,1
2827,0
2828,1
2829,0
2830,0
2831,1
2832,1
2833,1
2834,1
2835,0
2836,0
2837,0
2838,1
2839,1
2840,0
2841,1
2842,1
2843,1
2844,0
2845,0
2846,1
2847,1
2848,1
2849,1
2850,0
2851,0
2852,1
2853,1
2854,1
2855,1
2856,0
2857,1
2858,1
2859,0
2860,0
2861,1
2862,0
2863,0
2864,0
2865,0
2866,1
2867,1
2868,0
2869,1
2870,0
2871,0
2872,1
2873,1
2874,0
2875,0
2876,0
2877,1
2878,0
2879,1
2880,1
2881,0
2882,0
2883,0
2884,0
2885,0
2886,1
2887,1
2888,0
2889,0
2890,0
2891,0
2892,0
2893,1
2894,1
2895,1
2896,1
2897,0
2898,1
2899,1
2900,0
2901,1
2902,0
2903,0
2904,0
2905,1
2906,0
2907,0
2908,0
2909,0
2910,1
2911,1
2912,0
2913,0
2914,0
2915,0
2916,0
2917,0
2918,1
2919,1
2920,0
2921,1
2922,0
2923,0
2924,1
2925,0
2926,0
2927,1
2928,0
2929,1
2930,0
2931,0
2932,0
2933,0
2934,0
2935,0
2936,1
2937,1
2938,1
2939,0
2940,1
2941,1
2942,0
2943,1
2944,1
2945,1
2946,1
2947,0
2948,1
2949,0
2950,1
2951,1
2952,0
2953,0
2954,0
2955,1
2956,0
2957,0
2958,0
2959,0
2960,1
2961,0
2962,0
2963,1
2964,1
2965,1
2966,0
2967,0
2968,0
2969,0
2970,0
2971,1
2972,1
2973,1
2974,1
2975,1
2976,1
2977,1
2978,0
2979,0
2980,0
2981,1
2982,0
2983,1
2984,0
2985,0
2986,1
2987,1
2988,1
2989,1
2990,1
2991,0
2992,0
2993,1
2994,0
2995,1
2996,0
2997,1
2998,1
2999,1
3000,1
3001,0
3002,1
3003,0
3004,0
3005,0
3006,1
3007,0
3008,1
3009,1
3010,1
3011,0
3012,0
3013,0
3014,0
3015,1
3016,0
3017,1
3018,1
3019,1
3020,0
3021,1
3022,0
3023,0
3024,1
3025,0
3026,0
3027,1
3028,0
3029,0
3030,0
3031,1
3032,0
3033,1
3034,0
3035,1
3036,0
3037,1
3038,1
3039,1
3040,0
3041,1
3042,1
3043,0
3044,0
3045,0
3046,1
3047,1
3048,0
3049,1
3050,1
3051,1
3052,1
3053,0
3054,0
3055,1
3056,1
3057,1
3058,1
3059,1
3060,0
3061,0
3062,0
3063,0
3064,1
3065,0
3066,1
3067,0
3068,1
3069,1
3070,1
3071,0
3072,1
3073,0
3074,1
3075,0
3076,1
3077,1
3078,1
3079,1
3080,1
3081,1
3082,1
3083,0
3084,1
3085,1
3086,0
3087,1
3088,0
3089,0
3090,0
3091,1
3092,0
3093,1
3094,0
3095,1
3096,1
3097,1
3098,0
3099,0
3100,0
3101,1
3102,0
3103,0
3104,1
3105,0
3106,1
3107,1
3108,0
3109,0
3110,1
3111,0
3112,0
3113,0
3114,0
3115,1
3116,1
3117,0
3118,1
3119,0
3120,0
3121,0
3122,1
3123,0
3124,1
3125,1
3126,1
3127,0
3128,0
3129,1
3130,0
3131,0
3132,0
3133,1
3134,0
3135,1
3136,0
3137,1
3138,0
3139,0
3140,0
3141,0
3142,1
3143,1
3144,0
3145,0
3146,1
3147,0
3148,1
3149,1
3150,1
3151,1
3152,0
3153,1
3154,1
3155,0
3156,0
3157,0
3158,1
3159,1
3160,0
3161,0
3162,0
3163,0
3164,1
3165,1
3166,0
3167,0
3168,1
3169,0
3170,0
3171,1
3172,0
3173,0
3174,1
3175,1
3176,1
3177,0
3178,0
3179,1
3180,0
3181,0
3182,0
3183,1
3184,0
3185,1
3186,0
3187,1
3188,0
3189,1
3190,0
3191,0
3192,0
3193,0
3194,0
3195,1
3196,1
3197,1
3198,1
3199,1
3200,0
3201,0
3202,0
3203,1
3204,0
3205,0
3206,1
3207,0
3208,0
3209,1
3210,0
3211,1
3212,1
3213,0
3214,0
3215,1
3216,1
3217,1
3218,1
3219,0
3220,1
3221,0
3222,1
3223,0
3224,0
3225,0
3226,0
3227,0
3228,1
3229,1
3230,1
3231,0
3232,1
3233,1
3234,0
3235,0
3236,0
3237,1
3238,1
3239,1
3240,0
3241,0
3242,1
3243,1
3244,1
3245,1
3246,1
3247,1
3248,1
3249,0
3250,0
3251,1
3252,0
3253,1
3254,1
3255,1
3256,0
3257,0
3258,1
3259,1
3260,0
3261,0
3262,0
3263,0
3264,0
3265,0
3266,0
3267,0
3268,1
3269,1
3270,1
3271,1
3272,1
3273,1
3274,1
3275,1
3276,0
3277,0
3278,0
3279,0
3280,1
3281,1
3282,0
3283,1
3284,1
3285,1
3286,0
3287,1
3288,1
3289,1
3290,0
3291,0
3292,1
3293,0
3294,1
3295,0
3296,1
3297,1
3298,0
3299,1
3300,0
3301,0
3302,1
3303,0
3304,0
3305,1
3306,0
3307,0
3308,1
3309,0
3310,1
3311,1
3312,0
3313,1
3314,0
3315,0
3316,0
3317,1
3318,1
3319,0
3320,1
3321,0
3322,0
3323,0
3324,0
3325,1
3326,1
3327,1
3328,1
3329,1
3330,0
3331,0
3332,0
3333,0
3334,0
3335,1
3336,1
3337,1
3338,0
3339,0
3340,1
3341,0
3342,0
3343,0
3344,1
3345,0
3346,0
3347,0
3348,1
3349,0
3350,0
3351,1
3352,0
3353,0
3354,1
3355,0
3356,0
3357,1
3358,0
3359,1
3360,1
3361,1
3362,1
3363,1
3364,1
3365,0
3366,0
3367,1
3368,0
3369,1
3370,0
3371,1
3372,0
3373,1
3374,1
3375,1
3376,0
3377,0
3378,0
3379,1
3380,1
3381,0
3382,0
3383,1
3384,1
3385,0
3386,0
3387,0
3388,1
3389,1
3390,0
3391,1
3392,1
3393,0
3394,1
3395,0
3396,0
3397,0
3398,0
3399,1
3400,1
3401,0
3402,1
3403,0
3404,1
3405,1
3406,1
3407,0
3408,0
3409,1
3410,1
3411,1
3412,1
3413,0
3414,1
3415,0
3416,0
3417,0
3418,0
3419,1
3420,1
3421,1
3422,1
3423,1
3424,0
3425,0
3426,0
3427,0
3428,0
3429,1
3430,0
3431,1
3432,0
3433,0
3434,0
3435,1
3436,0
3437,0
3438,0
3439,1
3440,0
3441,1
3442,0
3443,1
3444,0
3445,1
3446,1
3447,1
3448,0
3449,0
3450,0
3451,1
3452,1
3453,0
3454,0
3455,0
3456,0
3457,1
3458,0
3459,0
3460,0
3461,0
3462,0
3463,0
3464,1
3465,1
3466,0
3467,1
3468,0
3469,0
3470,1
3471,1
3472,0
3473,1
3474,0
3475,1
3476,0
3477,0
3478,1
3479,1
3480,0
3481,1
3482,0
3483,1
3484,0
3485,1
3486,0
3487,0
3488,0
3489,0
3490,0
3491,0
3492,0
3493,1
3494,1
3495,1
3496,0
3497,0
3498,1
3499,1
3500,0
3501,0
3502,0
3503,0
3504,0
3505,1
3506,0
3507,1
3508,1
3509,0
3510,1
3511,1
3512,1
3513,0
3514,0
3515,1
3516,0
3517,1
3518,0
3519,1
3520,0
3521,0
3522,1
3523,0
3524,1
3525,1
3526,1
3527,0
3528,0
3529,0
3530,0
3531,0
3532,1
3533,1
3534,1
3535,0
3536,1
3537,0
3538,0
3539,1
3540,0
3541,0
3542,0
3543,1
3544,0
3545,1
3546,0
3547,0
3548,1
3549,1
3550,1
3551,1
3552,0
3553,1
3554,1
3555,1
3556,0
3557,1
3558,0
3559,0
3560,0
3561,0
3562,1
3563,1
3564,1
3565,1
3566,0
3567,1
3568,1
3569,0
3570,0
3571,1
3572,0
3573,0
3574,1
3575,1
3576,1
3577,1
3578,1
3579,1
3580,1
3581,0
3582,1
3583,1
3584,1
3585,0
3586,0
3587,1
3588,0
3589,0
3590,0
3591,1
3592,0
3593,1
3594,0
3595,1
3596,1
3597,0
3598,1
3599,1
3600,0
3601,1
3602,1
3603,1
3604,1
3605,1
3606,1
3607,1
3608,0
3609,0
3610,1
3611,1
3612,0
3613,0
3614,1
3615,1
3616,0
3617,0
3618,0
3619,0
3620,0
3621,1
3622,1
3623,1
3624,1
3625,0
3626,0
3627,0
3628,0
3629,0
3630,0
3631,0
3632,0
3633,1
3634,0
3635,1
3636,0
3637,1
3638,0
3639,0
3640,0
3641,0
3642,1
3643,1
3644,0
3645,0
3646,0
3647,1
3648,1
3649,1
3650,1
3651,0
3652,0
3653,1
3654,0
3655,1
3656,0
3657,0
3658,1
3659,0
3660,0
3661,0
3662,1
3663,0
3664,0
3665,0
3666,0
3667,0
3668,1
3669,0
3670,0
3671,0
3672,0
3673,1
3674,1
3675,0
3676,1
3677,0
3678,1
3679,0
3680,1
3681,0
3682,0
3683,0
3684,0
3685,0
3686,1
3687,0
3688,1
3689,1
3690,0
3691,0
3692,1
3693,0
3694,1
3695,0
3696,0
3697,1
3698,0
3699,0
3700,0
3701,1
3702,1
3703,1
3704,0
3705,1
3706,1
3707,0
3708,0
3709,0
3710,0
3711,1
3712,1
3713,1
3714,0
3715,1
3716,0
3717,1
3718,0
3719,1
3720,1
3721,0
3722,0
3723,1
3724,0
3725,1
3726,1
3727,0
3728,1
3729,1
3730,1
3731,1
3732,0
3733,0
3734,0
3735,0
3736,1
3737,0
3738,0
3739,1
3740,1
3741,1
3742,1
3743,0
3744,0
3745,1
3746,1
3747,0
3748,0
3749,1
3750,0
3751,1
3752,0
3753,1
3754,0
3755,1
3756,1
3757,1
3758,0
3759,0
3760,0
3761,0
3762,1
3763,0
3764,1
3765,0
3766,1
3767,1
3768,0
3769,1
3770,1
3771,0
3772,1
3773,1
3774,1
3775,0
3776,1
3777,1
3778,1
3779,0
3780,0
3781,0
3782,0
3783,1
3784,1
3785,0
3786,1
3787,0
3788,1
3789,0
3790,1
3791,1
3792,1
3793,1
3794,1
3795,0
3796,1
3797,1
3798,0
3799,1
3800,1
3801,1
3802,1
3803,1
3804,0
3805,0
3806,1
3807,0
3808,0
3809,1
3810,1
3811,0
3812,1
3813,0
3814,1
3815,1
3816,0
3817,1
3818,0
3819,1
3820,0
3821,0
3822,0
3823,0
3824,0
3825,0
3826,1
3827,1
3828,1
3829,1
3830,0
3831,0
3832,0
3833,1
3834,0
3835,0
3836,0
3837,0
3838,1
3839,1
3840,1
3841,0
3842,0
3843,0
3844,0
3845,1
3846,0
3847,0
3848,0
3849,1
3850,0
3851,0
3852,1
3853,0
3854,0
3855,0
3856,0
3857,1
3858,1
3859,0
3860,0
3861,1
3862,1
3863,0
3864,1
3865,1
3866,0
3867,1
3868,1
3869,1
3870,0
3871,0
3872,1
3873,0
3874,0
3875,0
3876,1
3877,1
3878,1
3879,0
3880,1
3881,0
3882,0
3883,1
3884,0
3885,1
3886,0
3887,1
3888,0
3889,0
3890,0
3891,1
3892,0
3893,1
3894,1
3895,1
3896,1
3897,0
3898,1
3899,0
3900,0
3901,0
3902,1
3903,1
3904,1
3905,0
3906,0
3907,0
3908,0
3909,1
3910,0
3911,0
3912,0
3913,1
3914,1
3915,1
3916,1
3917,0
3918,1
3919,0
3920,0
3921,1
3922,1
3923,0
3924,0
3925,0
3926,0
3927,1
3928,0
3929,1
3930,0
3931,1
3932,0
3933,0
3934,0
3935,1
3936,0
3937,1
3938,0
3939,0
3940,0
3941,1
3942,0
3943,1
3944,0
3945,0
3946,0
3947,1
3948,0
3949,0
3950,1
3951,1
3952,0
3953,0
3954,0
3955,1
3956,1
3957,1
3958,1
3959,0
3960,1
3961,0
3962,1
3963,0
3964,1
3965,0
3966,1
3967,0
3968,1
3969,0
3970,1
3971,0
3972,1
3973,1
3974,0
3975,1
3976,0
3977,0
3978,0
3979,0
3980,0
3981,0
3982,0
3983,0
3984,0
3985,0
3986,1
3987,1
3988,1
3989,0
3990,0
3991,0
3992,0
3993,1
3994,1
3995,0
3996,1
3997,0
3998,0
3999,1
4000,1
4001,1
4002,0
4003,0
4004,0
4005,1
4006,0
4007,0
4008,1
4009,1
4010,1
4011,0
4012,0
4013,0
4014,1
4015,1
4016,1
4017,1
4018,0
4019,1
4020,1
4021,1
4022,1
4023,1
4024,0
4025,1
4026,1
4027,0
4028,1
4029,0
4030,1
4031,1
4032,0
4033,0
4034,0
4035,1
4036,1
4037,0
4038,1
4039,1
4040,1
4041,1
4042,0
4043,1
4044,0
4045,1
4046,1
4047,0
4048,1
4049,0
4050,1
4051,0
4052,1
4053,0
4054,0
4055,1
4056,1
4057,0
4058,1
4059,0
4060,0
4061,0
4062,0
4063,0
4064,1
4065,1
4066,1
4067,1
4068,1
4069,0
4070,1
4071,0
4072,0
4073,0
4074,1
4075,0
4076,0
4077,1
4078,1
4079,1
4080,0
4081,0
4082,0
4083,0
4084,0
4085,1
4086,1
4087,0
4088,1
4089,1
4090,0
4091,0
4092,0
4093,0
4094,1
4095,0
4096,1
4097,0
4098,1
4099,0
4100,1
4101,0
4102,1
4103,0
4104,0
4105,1
4106,0
4107,0
4108,0
4109,1
4110,1
4111,1
4112,0
4113,0
4114,1
4115,1
4116,1
4117,0
4118,0
4119,0
4120,0
4121,0
4122,1
4123,0
4124,1
4125,0
4126,0
4127,1
4128,1
4129,1
4130,1
4131,1
4132,0
4133,0
4134,1
4135,1
4136,0
4137,1
4138,0
4139,1
4140,0
4141,1
4142,1
4143,0
4144,1
4145,0
4146,1
4147,0
4148,0
4149,0
4150,0
4151,1
4152,1
4153,1
4154,1
4155,0
4156,0
4157,0
4158,0
4159,0
4160,0
4161,1
4162,1
4163,0
4164,0
4165,0
4166,0
4167,1
4168,0
4169,1
4170,1
4171,1
4172,1
4173,1
4174,0
4175,0
4176,0
4177,1
4178,1
4179,1
4180,0
4181,0
4182,1
4183,0
4184,0
4185,1
4186,1
4187,0
4188,1
4189,0
4190,1
4191,1
4192,0
4193,1
4194,1
4195,0
4196,0
4197,1
4198,1
4199,1
4200,0
4201,0
4202,1
4203,1
4204,1
4205,1
4206,1
4207,0
4208,0
4209,0
4210,1
4211,0
4212,0
4213,1
4214,1
4215,1
4216,1
4217,1
4218,0
4219,1
4220,0
4221,1
4222,1
4223,1
4224,0
4225,1
4226,0
4227,0
4228,1
4229,1
4230,1
4231,1
4232,0
4233,0
4234,1
4235,0
4236,0
4237,0
4238,1
4239,1
4240,0
4241,0
4242,1
4243,1
4244,1
4245,0
4246,0
4247,0
4248,0
4249,0
4250,0
4251,1
4252,1
4253,1
4254,1
4255,1
4256,1
4257,1
4258,1
4259,0
4260,1
4261,0
4262,0
4263,1
4264,0
4265,0
4266,0
4267,1
4268,0
4269,1
4270,0
4271,0
4272,1
4273,0
4274,0
4275,1
4276,0
4277,0
4278,1
4279,0
4280,0
4281,1
4282,0
4283,1
4284,1
4285,1
4286,1
4287,1
4288,1
4289,1
4290,1
4291,0
4292,1
4293,0
4294,1
4295,0
4296,1
4297,1
4298,1
4299,0
4300,0
4301,0
4302,1
4303,1
4304,1
4305,1
4306,1
4307,1
4308,0
4309,0
4310,1
4311,1
4312,1
4313,0
4314,1
4315,1
4316,0
4317,1
4318,1
4319,0
4320,1
4321,0
4322,0
4323,0
4324,0
4325,0
4326,1
4327,1
4328,0
4329,0
4330,0
4331,1
4332,0
4333,1
4334,0
4335,0
4336,0
4337,0
4338,0
4339,0
4340,1
4341,1
4342,0
4343,0
4344,0
4345,1
4346,0
4347,0
4348,1
4349,1
4350,1
4351,0
4352,1
4353,1
4354,0
4355,1
4356,0
4357,0
4358,0
4359,1
4360,1
4361,1
4362,0
4363,0
4364,1
4365,1
4366,0
4367,1
4368,1
4369,1
4370,1
4371,1
4372,1
4373,0
4374,0
4375,1
4376,0
4377,1
4378,0
4379,1
4380,0
4381,1
4382,1
4383,1
4384,1
4385,1
4386,1
4387,1
4388,1
4389,1
4390,1
4391,0
4392,0
4393,0
4394,0
4395,0
4396,0
4397,0
4398,0
4399,1
4400,1
4401,1
4402,1
4403,1
4404,1
4405,1
4406,1
4407,1
4408,1
4409,0
4410,1
4411,1
4412,0
4413,0
4414,0
4415,0
4416,0
4417,1
4418,0
4419,1
4420,0
4421,0
4422,0
4423,1
4424,1
4425,0
4426,1
4427,1
4428,0
4429,1
4430,0
4431,1
4432,0
4433,1
4434,0
4435,1
4436,0
4437,0
4438,0
4439,1
4440,0
4441,0
4442,1
4443,0
4444,0
4445,0
4446,0
4447,0
4448,0
4449,0
4450,1
4451,1
4452,1
4453,1
4454,0
4455,1
4456,0
4457,0
4458,0
4459,0
4460,0
4461,0
4462,0
4463,0
4464,1
4465,0
4466,0
4467,1
4468,0
4469,0
4470,0
4471,0
4472,0
4473,1
4474,0
4475,1
4476,0
4477,1
4478,1
4479,0
4480,0
4481,1
4482,1
4483,0
4484,1
4485,1
4486,0
4487,0
4488,1
4489,1
4490,0
4491,1
4492,1
4493,1
4494,0
4495,1
4496,0
4497,0
4498,1
4499,0
4500,0
4501,0
4502,1
4503,1
4504,0
4505,0
4506,1
4507,0
4508,0
4509,1
4510,0
4511,1
4512,1
4513,1
4514,1
4515,1
4516,1
4517,1
4518,0
4519,0
4520,1
4521,1
4522,1
4523,1
4524,1
4525,0
4526,0
4527,1
4528,0
4529,1
4530,1
4531,0
4532,0
4533,1
4534,0
4535,0
4536,1
4537,1
4538,0
4539,0
4540,1
4541,1
4542,1
4543,0
4544,1
4545,0
4546,0
4547,1
4548,1
4549,0
4550,1
4551,1
4552,1
4553,1
4554,0
4555,0
4556,1
4557,0
4558,0
4559,0
4560,1
4561,1
4562,0
4563,1
4564,1
4565,1
4566,0
4567,1
4568,1
4569,1
4570,1
4571,0
4572,0
4573,1
4574,0
4575,1
4576,0
4577,1
4578,0
4579,1
4580,1
4581,0
4582,1
4583,0
4584,0
4585,1
4586,1
4587,0
4588,1
4589,1
4590,1
4591,0
4592,0
4593,0
4594,0
4595,1
4596,1
4597,0
4598,1
4599,0
4600,0
4601,1
4602,1
4603,0
4604,1
4605,0
4606,0
4607,0
4608,0
4609,1
4610,0
4611,0
4612,1
4613,1
4614,0
4615,0
4616,1
4617,1
4618,0
4619,1
4620,1
4621,1
4622,0
4623,0
4624,1
4625,1
4626,0
4627,1
4628,0
4629,1
4630,1
4631,0
4632,1
4633,0
4634,1
4635,0
4636,1
4637,0
4638,0
4639,1
4640,1
4641,1
4642,0
4643,1
4644,0
4645,0
4646,0
4647,1
4648,1
4649,0
4650,1
4651,0
4652,0
4653,1
4654,0
4655,1
4656,0
4657,1
4658,1
4659,0
4660,0
4661,1
4662,0
4663,0
4664,1
4665,1
4666,1
4667,0
4668,0
4669,0
4670,1
4671,0
4672,1
4673,0
4674,1
4675,0
4676,0
4677,1
4678,0
4679,1
4680,1
4681,1
4682,0
4683,0
4684,0
4685,1
4686,1
4687,1
4688,0
4689,1
4690,1
4691,0
4692,1
4693,0
4694,0
4695,0
4696,1
4697,0
4698,1
4699,0
4700,1
4701,0
4702,1
4703,1
4704,1
4705,1
4706,1
4707,1
4708,0
4709,1
4710,0
4711,0
4712,1
4713,1
4714,0
4715,0
4716,0
4717,0
4718,0
4719,0
4720,0
4721,1
4722,0
4723,0
4724,1
4725,0
4726,1
4727,0
4728,1
4729,1
4730,0
4731,1
4732,0
4733,1
4734,0
4735,1
4736,0
4737,1
4738,0
4739,1
4740,0
4741,1
4742,0
4743,0
4744,0
4745,1
4746,1
4747,1
4748,1
4749,1
4750,0
4751,0
4752,0
4753,1
4754,0
4755,0
4756,1
4757,1
4758,1
4759,1
4760,0
4761,1
4762,1
4763,0
4764,1
4765,0
4766,0
4767,0
4768,0
4769,1
4770,0
4771,0
4772,0
4773,1
4774,1
4775,0
4776,1
4777,0
4778,0
4779,1
4780,1
4781,0
4782,1
4783,0
4784,0
4785,0
4786,1
4787,1
4788,1
4789,1
4790,1
4791,1
4792,0
4793,1
4794,1
4795,1
4796,1
4797,0
4798,1
4799,1
4800,0
4801,1
4802,0
4803,1
4804,1
4805,1
4806,0
4807,1
4808,0
4809,1
4810,1
4811,1
4812,1
4813,0
4814,1
4815,1
4816,0
4817,0
4818,1
4819,0
4820,0
4821,0
4822,0
4823,0
4824,1
4825,0
4826,1
4827,0
4828,1
4829,1
4830,1
4831,1
4832,1
4833,1
4834,0
4835,1
4836,1
4837,1
4838,1
4839,1
4840,0
4841,0
4842,0
4843,0
4844,0
4845,1
4846,1
4847,0
4848,0
4849,1
4850,0
4851,0
4852,0
4853,1
4854,1
4855,1
4856,1
4857,0
4858,1
4859,0
4860,0
4861,0
4862,1
4863,1
4864,1
4865,0
4866,1
4867,0
4868,1
4869,1
4870,0
4871,0
4872,0
4873,0
4874,1
4875,0
4876,0
4877,1
4878,0
4879,0
4880,1
4881,1
4882,1
4883,1
4884,0
4885,0
4886,1
4887,0
4888,0
4889,0
4890,1
4891,0
4892,1
4893,0
4894,0
4895,1
4896,0
4897,1
4898,0
4899,1
4900,0
4901,0
4902,1
4903,1
4904,0
4905,0
4906,0
4907,0
4908,0
4909,0
4910,0
4911,1
4912,0
4913,0
4914,0
4915,0
4916,0
4917,1
4918,1
4919,1
4920,1
4921,0
4922,1
4923,1
4924,1
4925,0
4926,1
4927,1
4928,0
4929,0
4930,0
4931,1
4932,1
4933,0
4934,0
4935,0
4936,0
4937,0
4938,1
4939,1
4940,0
4941,0
4942,1
4943,1
4944,1
4945,0
4946,1
4947,0
4948,1
4949,1
4950,1
4951,1
4952,0
4953,1
4954,0
4955,0
4956,0
4957,1
4958,0
4959,0
4960,0
4961,0
4962,1
4963,0
4964,1
4965,1
4966,0
4967,1
4968,0
4969,1
4970,0
4971,1
4972,1
4973,1
4974,1
4975,0
4976,1
4977,1
4978,1
4979,0
4980,1
4981,0
4982,0
4983,1
4984,0
4985,1
4986,1
4987,1
4988,1
4989,0
4990,1
4991,0
4992,1
4993,1
4994,1
4995,1
4996,0
4997,0
4998,0
4999,0
5000,0
5001,0
5002,1
5003,1
5004,1
5005,1
5006,0
5007,0
5008,1
5009,0
5010,1
5011,1
5012,0
5013,1
5014,0
5015,1
5016,0
5017,0
5018,0
5019,1
5020,0
5021,0
5022,1
5023,1
5024,0
5025,1
5026,1
5027,1
5028,1
5029,1
5030,0
5031,1
5032,0
5033,1
5034,1
5035,1
5036,0
5037,1
5038,0
5039,1
5040,1
5041,0
5042,1
5043,0
5044,1
5045,1
5046,1
5047,1
5048,1
5049,0
5050,0
5051,1
5052,0
5053,1
5054,0
5055,1
5056,0
5057,0
5058,0
5059,0
5060,1
5061,1
5062,0
5063,0
5064,0
5065,0
5066,1
5067,0
5068,0
5069,1
5070,1
5071,1
5072,1
5073,0
5074,0
5075,0
5076,0
5077,1
5078,1
5079,1
5080,0
5081,0
5082,0
5083,1
5084,1
5085,1
5086,0
5087,1
5088,1
5089,1
5090,0
5091,0
5092,0
5093,1
5094,0
5095,0
5096,0
5097,0
5098,0
5099,1
5100,0
5101,0
5102,0
5103,0
5104,1
5105,1
5106,0
5107,0
5108,1
5109,1
5110,0
5111,1
5112,1
5113,0
5114,1
5115,0
5116,1
5117,1
5118,1
5119,0
5120,1
5121,1
5122,1
5123,0
5124,0
5125,1
5126,0
5127,0
5128,0
5129,0
5130,0
5131,1
5132,0
5133,1
5134,1
5135,0
5136,0
5137,0
5138,0
5139,0
5140,1
5141,1
5142,1
5143,1
5144,1
5145,0
5146,1
5147,0
5148,1
5149,0
5150,1
5151,1
5152,1
5153,1
5154,1
5155,1
5156,1
5157,0
5158,1
5159,0
5160,0
5161,0
5162,0
5163,0
5164,1
5165,1
5166,0
5167,0
5168,1
5169,0
5170,0
5171,1
5172,1
5173,0
5174,0
5175,1
5176,1
5177,0
5178,0
5179,0
5180,0
5181,0
5182,1
5183,0
5184,0
5185,0
5186,0
5187,0
5188,1
5189,1
5190,0
5191,1
5192,1
5193,0
5194,1
5195,1
5196,1
5197,0
5198,0
5199,1
5200,1
5201,0
5202,1
5203,0
5204,1
5205,1
5206,1
5207,1
5208,0
5209,0
5210,0
5211,1
5212,1
5213,0
5214,0
5215,1
5216,1
5217,0
5218,0
5219,1
5220,1
5221,1
5222,1
5223,0
5224,0
5225,1
5226,1
5227,0
5228,1
5229,1
5230,1
5231,1
5232,0
5233,0
5234,0
5235,0
5236,1
5237,1
5238,0
5239,1
5240,1
5241,0
5242,0
5243,1
5244,0
5245,1
5246,1
5247,1
5248,0
5249,1
5250,0
5251,0
5252,0
5253,0
5254,0
5255,1
5256,1
5257,1
5258,1
5259,1
5260,0
5261,1
5262,1
5263,0
5264,1
5265,0
5266,0
5267,1
5268,1
5269,0
5270,0
5271,0
5272,0
5273,1
5274,0
5275,0
5276,0
5277,1
5278,0
5279,1
5280,1
5281,0
5282,0
5283,1
5284,0
5285,1
5286,0
5287,1
5288,0
5289,1
5290,1
5291,0
5292,0
5293,1
5294,0
5295,1
5296,0
5297,1
5298,0
5299,0
5300,0
5301,1
5302,0
5303,1
5304,0
5305,1
5306,0
5307,0
5308,0
5309,0
5310,1
5311,0
5312,0
5313,0
5314,1
5315,0
5316,1
5317,1
5318,0
5319,0
5320,0
5321,1
5322,1
5323,0
5324,0
5325,1
5326,0
5327,0
5328,1
5329,1
5330,0
5331,0
5332,0
5333,1
5334,1
5335,0
5336,1
5337,0
5338,1
5339,1
5340,1
5341,1
5342,1
5343,0
5344,0
5345,1
5346,1
5347,1
5348,0
5349,1
5350,0
5351,1
5352,0
5353,1
5354,0
5355,1
5356,1
5357,0
5358,0
5359,0
5360,1
5361,0
5362,1
5363,1
5364,0
5365,0
5366,0
5367,0
5368,0
5369,1
5370,0
5371,1
5372,1
5373,1
5374,1
5375,0
5376,0
5377,1
5378,0
5379,1
5380,0
5381,1
5382,1
5383,0
5384,1
5385,0
5386,1
5387,1
5388,0
5389,0
5390,0
5391,0
5392,1
5393,0
5394,1
5395,0
5396,0
5397,0
5398,0
5399,0
5400,0
5401,1
5402,1
5403,0
5404,1
5405,1
5406,1
5407,0
5408,0
5409,0
5410,1
5411,0
5412,0
5413,0
5414,1
5415,0
5416,0
5417,1
5418,0
5419,1
5420,0
5421,0
5422,1
5423,1
5424,0
5425,1
5426,0
5427,0
5428,1
5429,1
5430,0
5431,1
5432,1
5433,0
5434,0
5435,0
5436,0
5437,1
5438,0
5439,1
5440,1
5441,0
5442,1
5443,1
5444,0
5445,0
5446,0
5447,0
5448,0
5449,1
5450,1
5451,0
5452,1
5453,0
5454,1
5455,0
5456,1
5457,1
5458,0
5459,0
5460,1
5461,0
5462,0
5463,1
5464,0
5465,0
5466,0
5467,1
5468,1
5469,1
5470,0
5471,1
5472,0
5473,0
5474,0
5475,1
5476,1
5477,1
5478,1
5479,0
5480,0
5481,1
5482,1
5483,0
5484,1
5485,0
5486,0
5487,0
5488,0
5489,1
5490,0
5491,0
5492,0
5493,0
5494,0
5495,0
5496,0
5497,0
5498,0
5499,0
5500,1
5501,1
5502,1
5503,1
5504,1
5505,0
5506,1
5507,1
5508,0
5509,0
5510,1
5511,0
5512,1
5513,1
5514,1
5515,1
5516,0
5517,1
5518,0
5519,0
5520,0
5521,0
5522,0
5523,0
5524,0
5525,0
5526,0
5527,0
5528,1
5529,1
5530,0
5531,0
5532,0
5533,1
5534,0
5535,1
5536,0
5537,0
5538,1
5539,1
5540,0
5541,0
5542,1
5543,1
5544,1
5545,1
5546,1
5547,0
5548,1
5549,1
5550,1
5551,1
5552,1
5553,0
5554,0
5555,0
5556,0
5557,1
5558,1
5559,1
5560,1
5561,0
5562,0
5563,0
5564,0
5565,0
5566,1
5567,0
5568,1
5569,1
5570,1
5571,1
5572,1
5573,0
5574,0
5575,1
5576,1
5577,1
5578,0
5579,0
5580,0
5581,1
5582,0
5583,1
5584,1
5585,0
5586,1
5587,1
5588,0
5589,0
5590,0
5591,1
5592,0
5593,0
5594,0
5595,0
5596,1
5597,0
5598,1
5599,1
5600,1
5601,1
5602,1
5603,1
5604,0
5605,0
5606,0
5607,1
5608,1
5609,0
5610,1
5611,1
5612,0
5613,1
5614,1
5615,1
5616,0
5617,0
5618,1
5619,0
5620,0
5621,0
5622,1
5623,1
5624,0
5625,0
5626,1
5627,1
5628,0
5629,1
5630,0
5631,1
5632,0
5633,1
5634,0
5635,0
5636,1
5637,1
5638,1
5639,1
5640,1
5641,0
5642,1
5643,1
5644,1
5645,1
5646,0
5647,1
5648,1
5649,0
5650,0
5651,1
5652,0
5653,1
5654,1
5655,0
5656,0
5657,0
5658,0
5659,0
5660,1
5661,1
5662,0
5663,1
5664,1
5665,1
5666,1
5667,0
5668,1
5669,0
5670,1
5671,0
5672,0
5673,0
5674,1
5675,1
5676,0
5677,1
5678,1
5679,1
5680,0
5681,1
5682,0
5683,0
5684,1
5685,0
5686,1
5687,1
5688,1
5689,1
5690,1
5691,1
5692,0
5693,0
5694,1
5695,1
5696,1
5697,1
5698,0
5699,1
5700,0
5701,0
5702,0
5703,1
5704,1
5705,1
5706,1
5707,0
5708,0
5709,1
5710,0
5711,1
5712,0
5713,1
5714,0
5715,0
5716,0
5717,1
5718,0
5719,0
5720,1
5721,0
5722,1
5723,1
5724,1
5725,0
5726,0
5727,1
5728,1
5729,0
5730,1
5731,0
5732,1
5733,1
5734,1
5735,0
5736,1
5737,1
5738,1
5739,0
5740,0
5741,1
5742,0
5743,0
5744,1
5745,0
5746,1
5747,1
5748,1
5749,1
5750,1
5751,1
5752,1
5753,1
5754,1
5755,1
5756,1
5757,1
5758,0
5759,0
5760,0
5761,0
5762,1
5763,1
5764,1
5765,0
5766,1
5767,1
5768,0
5769,0
5770,0
5771,0
5772,0
5773,1
5774,1
5775,0
5776,1
5777,0
5778,0
5779,0
5780,0
5781,1
5782,1
5783,1
5784,1
5785,0
5786,0
5787,0
5788,0
5789,1
5790,0
5791,1
5792,0
5793,0
5794,1
5795,1
5796,1
5797,0
5798,1
5799,0
5800,0
5801,0
5802,0
5803,0
5804,1
5805,1
5806,1
5807,0
5808,0
5809,0
5810,1
5811,0
5812,0
5813,0
5814,1
5815,1
5816,0
5817,1
5818,1
5819,1
5820,0
5821,0
5822,1
5823,0
5824,1
5825,0
5826,0
5827,1
5828,0
5829,0
5830,0
5831,1
5832,1
5833,0
5834,1
5835,0
5836,1
5837,1
5838,1
5839,1
5840,0
5841,1
5842,0
5843,0
5844,0
5845,1
5846,1
5847,1
5848,1
5849,1
5850,1
5851,1
5852,1
5853,1
5854,0
5855,0
5856,0
5857,0
5858,0
5859,0
5860,0
5861,1
5862,1
5863,0
5864,1
5865,0
5866,1
5867,0
5868,0
5869,1
5870,0
5871,1
5872,0
5873,1
5874,1
5875,1
5876,0
5877,0
5878,0
5879,1
5880,0
5881,1
5882,0
5883,1
5884,0
5885,0
5886,0
5887,0
5888,0
5889,1
5890,0
5891,0
5892,0
5893,0
5894,1
5895,1
5896,1
5897,1
5898,1
5899,0
5900,0
5901,1
5902,1
5903,0
5904,0
5905,1
5906,0
5907,0
5908,0
5909,0
5910,0
5911,1
5912,1
5913,0
5914,1
5915,0
5916,1
5917,1
5918,0
5919,1
5920,1
5921,0
5922,0
5923,1
5924,0
5925,0
5926,0
5927,1
5928,0
5929,0
5930,1
5931,1
5932,1
5933,1
5934,0
5935,1
5936,0
5937,1
5938,0
5939,1
5940,0
5941,1
5942,1
5943,0
5944,0
5945,0
5946,1
5947,0
5948,0
5949,0
5950,0
5951,1
5952,0
5953,1
5954,0
5955,1
5956,0
5957,1
5958,0
5959,0
5960,1
5961,1
5962,0
5963,1
5964,0
5965,0
5966,1
5967,1
5968,1
5969,1
5970,0
5971,1
5972,0
5973,0
5974,1
5975,0
5976,0
5977,0
5978,1
5979,0
5980,1
5981,0
5982,0
5983,0
5984,1
5985,0
5986,1
5987,0
5988,0
5989,1
5990,1
5991,1
5992,1
5993,0
5994,1
5995,1
5996,1
5997,1
5998,0
5999,1
6000,0
6001,1
6002,1
6003,0
6004,0
6005,0
6006,0
6007,1
6008,1
6009,0
6010,0
6011,0
6012,0
6013,0
6014,0
6015,0
6016,0
6017,0
6018,1
6019,0
6020,1
6021,0
6022,1
6023,0
6024,0
6025,0
6026,1
6027,0
6028,1
6029,0
6030,0
6031,0
6032,1
6033,1
6034,0
6035,1
6036,1
6037,1
6038,1
6039,0
6040,0
6041,1
6042,1
6043,0
6044,1
6045,1
6046,0
6047,1
6048,0
6049,1
6050,0
6051,0
6052,0
6053,0
6054,1
6055,1
6056,1
6057,0
6058,0
6059,0
6060,1
6061,0
6062,0
6063,0
6064,1
6065,1
6066,1
6067,0
6068,1
6069,0
6070,0
6071,0
6072,0
6073,1
6074,1
6075,0
6076,1
6077,0
6078,1
6079,0
6080,0
6081,0
6082,0
6083,1
6084,0
6085,1
6086,1
6087,0
6088,0
6089,0
6090,0
6091,0
6092,1
6093,0
6094,0
6095,1
6096,1
6097,1
6098,0
6099,0
6100,0
6101,0
6102,0
6103,1
6104,0
6105,0
6106,0
6107,1
6108,0
6109,1
6110,0
6111,0
6112,0
6113,0
6114,0
6115,0
6116,1
6117,1
6118,1
6119,0
6120,1
6121,0
6122,1
6123,0
6124,1
6125,1
6126,0
6127,0
6128,0
6129,1
6130,1
6131,0
6132,1
6133,1
6134,1
6135,0
6136,1
6137,1
6138,1
6139,0
6140,1
6141,0
6142,1
6143,0
6144,0
6145,0
6146,1
6147,1
6148,0
6149,0
6150,1
6151,0
6152,0
6153,0
6154,0
6155,1
6156,1
6157,0
6158,1
6159,1
6160,1
6161,1
6162,1
6163,0
6164,1
6165,1
6166,1
6167,0
6168,0
6169,0
6170,0
6171,0
6172,0
6173,0
6174,0
6175,0
6176,0
6177,1
6178,0
6179,0
6180,1
6181,0
6182,0
6183,1
6184,0
6185,1
6186,1
6187,1
6188,0
6189,1
6190,0
6191,1
6192,0
6193,0
6194,1
6195,1
6196,1
6197,1
6198,1
6199,0
6200,0
6201,0
6202,1
6203,0
6204,1
6205,0
6206,1
6207,1
6208,0
6209,1
6210,1
6211,0
6212,1
6213,0
6214,1
6215,0
6216,1
6217,0
6218,1
6219,0
6220,1
6221,1
6222,1
6223,0
6224,1
6225,0
6226,0
6227,0
6228,0
6229,0
6230,1
6231,1
6232,0
6233,0
6234,0
6235,1
6236,0
6237,1
6238,1
6239,1
6240,1
6241,0
6242,1
6243,0
6244,1
6245,1
6246,0
6247,1
6248,1
6249,1
6250,1
6251,1
6252,0
6253,1
6254,0
6255,1
6256,1
6257,0
6258,1
6259,0
6260,1
6261,1
6262,1
6263,1
6264,1
6265,1
6266,0
6267,1
6268,1
6269,0
6270,0
6271,0
6272,0
6273,1
6274,0
6275,1
6276,1
6277,0
6278,1
6279,0
6280,1
6281,0
6282,0
6283,0
6284,1
6285,1
6286,0
6287,0
6288,1
6289,1
6290,0
6291,0
6292,0
6293,0
6294,0
6295,1
6296,1
6297,0
6298,1
6299,1
6300,0
6301,0
6302,0
6303,1
6304,0
6305,1
6306,0
6307,0
6308,1
6309,1
6310,1
6311,1
6312,0
6313,0
6314,0
6315,0
6316,1
6317,1
6318,1
6319,1
6320,1
6321,0
6322,1
6323,0
6324,0
6325,0
6326,1
6327,1
6328,0
6329,0
6330,0
6331,0
6332,0
6333,0
6334,0
6335,0
6336,1
6337,0
6338,0
6339,1
6340,0
6341,0
6342,1
6343,1
6344,1
6345,0
6346,0
6347,1
6348,0
6349,0
6350,1
6351,1
6352,1
6353,1
6354,0
6355,0
6356,0
6357,0
6358,1
6359,0
6360,1
6361,0
6362,0
6363,0
6364,0
6365,1
6366,1
6367,1
6368,0
6369,1
6370,0
6371,0
6372,0
6373,0
6374,1
6375,1
6376,1
6377,1
6378,0
6379,0
6380,1
6381,0
6382,1
6383,0
6384,0
6385,1
6386,1
6387,1
6388,0
6389,0
6390,0
6391,0
6392,0
6393,0
6394,1
6395,1
6396,0
6397,1
6398,0
6399,0
6400,1
6401,1
6402,1
6403,1
6404,0
6405,1
6406,1
6407,1
6408,1
6409,0
6410,1
6411,0
6412,1
6413,0
6414,0
6415,1
6416,1
6417,1
6418,1
6419,1
6420,1
6421,0
6422,1
6423,1
6424,1
6425,0
6426,0
6427,1
6428,1
6429,0
6430,1
6431,1
6432,1
6433,0
6434,0
6435,1
6436,0
6437,1
6438,1
6439,1
6440,0
6441,0
6442,0
6443,0
6444,0
6445,1
6446,0
6447,1
6448,1
6449,1
6450,0
6451,0
6452,1
6453,0
6454,0
6455,1
6456,0
6457,1
6458,1
6459,1
6460,1
6461,0
6462,1
6463,0
6464,1
6465,1
6466,0
6467,1
6468,0
6469,1
6470,0
6471,0
6472,0
6473,1
6474,1
6475,0
6476,0
6477,0
6478,1
6479,0
6480,0
6481,0
6482,0
6483,0
6484,1
6485,1
6486,0
6487,0
6488,1
6489,1
6490,0
6491,1
6492,1
6493,1
6494,0
6495,1
6496,0
6497,1
6498,1
6499,0
6500,1
6501,1
6502,1
6503,1
6504,1
6505,1
6506,1
6507,0
6508,0
6509,1
6510,1
6511,0
6512,1
6513,0
6514,0
6515,1
6516,0
6517,1
6518,0
6519,1
6520,0
6521,1
6522,0
6523,1
6524,0
6525,1
6526,0
6527,1
6528,1
6529,0
6530,0
6531,1
6532,1
6533,0
6534,1
6535,0
6536,1
6537,1
6538,0
6539,0
6540,0
6541,0
6542,1
6543,0
6544,0
6545,1
6546,0
6547,1
6548,0
6549,1
6550,1
6551,0
6552,1
6553,0
6554,0
6555,1
6556,1
6557,1
6558,1
6559,0
6560,1
6561,1
6562,0
6563,0
6564,1
6565,1
6566,0
6567,1
6568,1
6569,0
6570,0
6571,0
6572,1
6573,1
6574,1
6575,0
6576,0
6577,1
6578,1
6579,0
6580,0
6581,0
6582,1
6583,1
6584,0
6585,1
6586,1
6587,0
6588,1
6589,0
6590,1
6591,0
6592,1
6593,1
6594,1
6595,1
6596,1
6597,0
6598,0
6599,1
6600,1
6601,0
6602,0
6603,1
6604,0
6605,1
6606,1
6607,0
6608,0
6609,1
6610,0
6611,1
6612,1
6613,1
6614,1
6615,0
6616,0
6617,0
6618,0
6619,1
6620,0
6621,1
6622,1
6623,1
6624,1
6625,0
6626,0
6627,1
6628,1
6629,1
6630,1
6631,0
6632,1
6633,0
6634,0
6635,1
6636,1
6637,0
6638,1
6639,1
6640,1
6641,0
6642,1
6643,0
6644,1
6645,1
6646,0
6647,0
6648,0
6649,1
6650,0
6651,1
6652,0
6653,1
6654,1
6655,0
6656,1
6657,0
6658,0
6659,0
6660,0
6661,0
6662,0
6663,1
6664,1
6665,1
6666,1
6667,1
6668,1
6669,0
6670,1
6671,1
6672,1
6673,1
6674,1
6675,0
6676,1
6677,0
6678,1
6679,0
6680,1
6681,1
6682,0
6683,0
6684,0
6685,1
6686,1
6687,1
6688,1
6689,1
6690,0
6691,1
6692,0
6693,1
6694,0
6695,0
6696,1
6697,0
6698,0
6699,1
6700,1
6701,1
6702,1
6703,1
6704,0
6705,0
6706,1
6707,1
6708,0
6709,1
6710,0
6711,0
6712,1
6713,1
6714,0
6715,0
6716,0
6717,0
6718,1
6719,0
6720,1
6721,1
6722,0
6723,1
6724,1
6725,1
6726,0
6727,0
6728,1
6729,0
6730,0
6731,1
6732,1
6733,0
6734,0
6735,1
6736,0
6737,0
6738,0
6739,0
6740,1
6741,0
6742,0
6743,0
6744,1
6745,1
6746,1
6747,1
6748,1
6749,1
6750,0
6751,1
6752,1
6753,1
6754,0
6755,0
6756,0
6757,1
6758,0
6759,0
6760,0
6761,0
6762,0
6763,1
6764,1
6765,0
6766,1
6767,0
6768,1
6769,0
6770,1
6771,1
6772,0
6773,1
6774,0
6775,0
6776,1
6777,0
6778,1
6779,0
6780,0
6781,0
6782,1
6783,1
6784,0
6785,1
6786,1
6787,1
6788,1
6789,0
6790,1
6791,1
6792,0
6793,1
6794,1
6795,1
6796,1
6797,1
6798,1
6799,1
6800,0
6801,0
6802,0
6803,1
6804,0
6805,0
6806,0
6807,0
6808,1
6809,1
6810,0
6811,1
6812,1
6813,0
6814,0
6815,0
6816,1
6817,0
6818,0
6819,0
6820,0
6821,1
6822,1
6823,1
6824,1
6825,0
6826,0
6827,0
6828,0
6829,0
6830,1
6831,0
6832,0
6833,0
6834,0
6835,1
6836,0
6837,0
6838,1
6839,0
6840,0
6841,0
6842,0
6843,1
6844,0
6845,1
6846,1
6847,0
6848,0
6849,0
6850,0
6851,0
6852,1
6853,0
6854,1
6855,1
6856,1
6857,1
6858,0
6859,1
6860,0
6861,0
6862,0
6863,0
6864,1
6865,0
6866,1
6867,1
6868,1
6869,1
6870,1
6871,0
6872,0
6873,0
6874,0
6875,1
6876,0
6877,1
6878,0
6879,1
6880,1
6881,1
6882,1
6883,0
6884,1
6885,0
6886,0
6887,0
6888,0
6889,0
6890,1
6891,0
6892,0
6893,0
6894,0
6895,1
6896,1
6897,1
6898,1
6899,1
6900,0
6901,1
6902,0
6903,0
6904,0
6905,0
6906,1
6907,1
6908,1
6909,0
6910,1
6911,0
6912,1
6913,0
6914,0
6915,1
6916,0
6917,1
6918,0
6919,0
6920,1
6921,0
6922,1
6923,1
6924,1
6925,0
6926,0
6927,0
6928,1
6929,0
6930,0
6931,1
6932,1
6933,1
6934,1
6935,0
6936,0
6937,1
6938,0
6939,0
6940,1
6941,0
6942,0
6943,0
6944,1
6945,0
6946,0
6947,0
6948,1
6949,0
6950,0
6951,0
6952,1
6953,1
6954,1
6955,1
6956,1
6957,1
6958,1
6959,0
6960,1
6961,1
6962,0
6963,0
6964,0
6965,0
6966,1
6967,0
6968,1
6969,1
6970,0
6971,0
6972,1
6973,0
6974,1
6975,1
6976,1
6977,1
6978,1
6979,0
6980,1
6981,0
6982,1
6983,1
6984,0
6985,1
6986,0
6987,0
6988,0
6989,0
6990,0
6991,0
6992,1
6993,1
6994,0
6995,0
6996,0
6997,0
6998,1
6999,0
7000,0
7001,0
7002,0
7003,0
7004,0
7005,0
7006,1
7007,1
7008,0
7009,0
7010,1
7011,1
7012,0
7013,0
7014,0
7015,1
7016,1
7017,0
7018,1
7019,0
7020,1
7021,0
7022,1
7023,0
7024,1
7025,1
7026,0
7027,0
7028,0
7029,0
7030,0
7031,0
7032,0
7033,1
7034,0
7035,0
7036,0
7037,1
7038,1
7039,1
7040,0
7041,1
7042,0
7043,0
7044,0
7045,1
7046,0
7047,1
7048,1
7049,1
7050,0
7051,0
7052,1
7053,1
7054,1
7055,0
7056,1
7057,0
7058,0
7059,1
7060,0
7061,0
7062,1
7063,1
7064,1
7065,0
7066,1
7067,1
7068,0
7069,0
7070,0
7071,1
7072,1
7073,0
7074,1
7075,1
7076,1
7077,1
7078,1
7079,0
7080,1
7081,1
7082,0
7083,0
7084,1
7085,0
7086,1
7087,1
7088,1
7089,1
7090,0
7091,0
7092,0
7093,0
7094,0
7095,0
7096,1
7097,0
7098,0
7099,0
7100,1
7101,1
7102,1
7103,1
7104,0
7105,1
7106,0
7107,1
7108,1
7109,0
7110,0
7111,1
7112,0
7113,0
7114,1
7115,0
7116,0
7117,1
7118,1
7119,0
7120,1
7121,0
7122,0
7123,1
7124,1
7125,1
7126,1
7127,1
7128,0
7129,0
7130,1
7131,0
7132,1
7133,0
7134,0
7135,1
7136,0
7137,0
7138,1
7139,0
7140,0
7141,0
7142,0
7143,1
7144,0
7145,1
7146,0
7147,0
7148,0
7149,0
7150,1
7151,1
7152,0
7153,0
7154,1
7155,1
7156,0
7157,0
7158,0
7159,1
7160,0
7161,1
7162,1
7163,1
7164,0
7165,0
7166,1
7167,0
7168,0
7169,0
7170,0
7171,0
7172,1
7173,1
7174,0
7175,1
7176,0
7177,1
7178,0
7179,0
7180,1
7181,0
7182,1
7183,0
7184,0
7185,0
7186,1
7187,0
7188,0
7189,1
7190,1
7191,0
7192,0
7193,0
7194,1
7195,1
7196,1
7197,0
7198,0
7199,0
7200,1
7201,0
7202,1
7203,0
7204,0
7205,0
7206,1
7207,0
7208,0
7209,0
7210,1
7211,1
7212,0
7213,0
7214,0
7215,0
7216,1
7217,1
7218,1
7219,1
7220,1
7221,0
7222,0
7223,0
7224,0
7225,1
7226,0
7227,0
7228,1
7229,0
7230,1
7231,1
7232,1
7233,0
7234,0
7235,0
7236,0
7237,0
7238,0
7239,1
7240,1
7241,0
7242,0
7243,0
7244,0
7245,0
7246,1
7247,1
7248,0
7249,0
7250,1
7251,1
7252,0
7253,0
7254,0
7255,0
7256,0
7257,0
7258,0
7259,0
7260,0
7261,1
7262,0
7263,0
7264,1
7265,1
7266,0
7267,0
7268,0
7269,0
7270,0
7271,0
7272,0
7273,0
7274,1
7275,0
7276,0
7277,0
7278,1
7279,0
7280,1
7281,0
7282,0
7283,1
7284,1
7285,0
7286,0
7287,1
7288,0
7289,0
7290,1
7291,1
7292,0
7293,0
7294,0
7295,0
7296,1
7297,1
7298,0
7299,0
7300,1
7301,0
7302,1
7303,1
7304,0
7305,1
7306,1
7307,1
7308,1
7309,1
7310,1
7311,0
7312,0
